Point1,,Point1,,Point1,,Point1,,Point1,,Point1,,Point1,,Point1,,Point1,,Point1,,Point1,,Point1,,Point1,,Point1,,Point1,,Point1
ads_001_Area 1,,ads_001_Area 1,,ads_001_Area 1,,ads_001_Area 1,,ads_001_Area 1,,ads_001_Area 1,,ads_001_Area 1,,ads_001_Area 1,,ads_001_Area 1,,ads_001_Area 1,,ads_001_Area 1,,ads_001_Area 1,,ads_001_Area 1,,ads_001_Area 1,,ads_001_Area 1,,ads_001_Area 1
C1s,,O1s,,Fe2p,,Mg2s,,C1s,,O1s,,Fe2p,,Mg2s,,C1s,,O1s,,Fe2p,,Mg2s,,C1s,,O1s,,Fe2p,,Mg2s
1,,1,,1,,1,,1,,1,,1,,1,,1,,1,,1,,1,,1,,1,,1,,1
296.5561,2707.0835,541.5561,4837.5000,751.5561,16210.8340,114.5561,3109.5835,296.4970,2548.3335,541.4970,4633.3335,751.4970,14772.5010,114.4970,2809.5835,296.7098,3020.0002,541.7098,5251.0420,751.7098,18438.3340,114.7098,3482.5002,296.6544,2950.8335,541.6544,5129.1670,751.6544,16882.5020,114.6544,3232.5002
296.4311,2716.6667,541.4311,4723.9585,751.4311,16154.1680,114.4311,3150.8335,296.3720,2576.6667,541.3720,4452.0835,751.3720,14740.0010,114.3720,2838.7502,296.5848,3080.0002,541.5848,5330.2085,751.5848,18133.3340,114.5848,3412.0835,296.5294,2873.7502,541.5294,5039.5835,751.5294,16712.5020,114.5294,3160.4167
296.3061,2763.7502,541.3061,4737.5000,751.3061,16021.6680,114.3061,3112.9167,296.2470,2607.0835,541.2470,4586.4585,751.2470,14905.8340,114.2470,2858.7502,296.4598,3077.5002,541.4598,5169.7920,751.4598,18215.8340,114.4598,3466.6670,296.4044,2971.2502,541.4044,5076.0420,751.4044,16629.1680,114.4044,3127.0835
296.1811,2749.5835,541.1811,4671.8750,751.1811,16182.5010,114.1811,3126.2502,296.1220,2595.0002,541.1220,4348.9585,751.1220,15015.8340,114.1220,2827.9167,296.3348,3037.5002,541.3348,5295.8335,751.3348,18152.5020,114.3348,3363.3335,296.2794,2890.4167,541.2794,5076.0420,751.2794,16705.0020,114.2794,3183.3335
296.0561,2733.7502,541.0561,4854.1670,751.0561,16001.6680,114.0561,3122.9167,295.9970,2597.5002,540.9970,4467.7085,750.9970,15035.8340,113.9970,2838.7502,296.2098,3084.5835,541.2098,5211.4585,751.2098,18216.6680,114.2098,3456.6670,296.1544,2886.2502,541.1544,5019.7920,751.1544,16673.3340,114.1544,3211.6667
295.9311,2661.2502,540.9311,4637.5000,750.9311,15970.8340,113.9311,3151.6667,295.8720,2564.1667,540.8720,4395.8335,750.8720,15127.5010,113.8720,2797.5002,296.0848,3030.8335,541.0848,5387.5000,751.0848,18057.5020,114.0848,3392.5002,296.0294,2878.3335,541.0294,5020.8335,751.0294,16748.3340,114.0294,3204.1667
295.8061,2728.3335,540.8061,4639.5835,750.8061,15890.8340,113.8061,3099.1667,295.7470,2550.4167,540.7470,4394.7920,750.7470,15063.3340,113.7470,2872.0835,295.9598,3046.6667,540.9598,5272.9170,750.9598,18285.8340,113.9598,3446.2502,295.9044,2929.1667,540.9044,5025.0000,750.9044,16833.3340,113.9044,3213.3335
295.6811,2677.0835,540.6811,4584.3750,750.6811,16118.3340,113.6811,3123.3335,295.6220,2591.6667,540.6220,4430.2085,750.6220,14651.6680,113.6220,2800.4167,295.8348,3080.8335,540.8348,5201.0420,750.8348,18071.6680,113.8348,3326.2502,295.7794,2874.5835,540.7794,5111.4585,750.7794,16618.3340,113.7794,3185.0002
295.5561,2736.6667,540.5561,4653.1250,750.5561,16074.1680,113.5561,3071.2502,295.4970,2524.5835,540.4970,4438.5420,750.4970,15108.3340,113.4970,2824.5835,295.7098,3110.4167,540.7098,5256.2500,750.7098,17983.3340,113.7098,3386.6667,295.6544,2880.4167,540.6544,5038.5420,750.6544,16814.1680,113.6544,3230.0002
295.4311,2678.7502,540.4311,4576.0420,750.4311,16214.1680,113.4311,3082.5002,295.3720,2542.5002,540.3720,4538.5420,750.3720,14804.1680,113.3720,2789.1667,295.5848,3016.2502,540.5848,5312.5000,750.5848,18300.8340,113.5848,3345.8335,295.5294,2847.9167,540.5294,5129.1670,750.5294,16902.5020,113.5294,3207.0835
295.3061,2665.0002,540.3061,4543.7500,750.3061,15915.8340,113.3061,3049.1667,295.2470,2547.9167,540.2470,4498.9585,750.2470,14940.8340,113.2470,2870.0002,295.4598,3025.4167,540.4598,5280.2085,750.4598,18291.6680,113.4598,3401.6667,295.4044,2838.3335,540.4044,5068.7500,750.4044,16765.0020,113.4044,3200.8335
295.1811,2679.1667,540.1811,4585.4170,750.1811,16128.3340,113.1811,3044.1667,295.1220,2600.4167,540.1220,4491.6670,750.1220,14775.0010,113.1220,2848.3335,295.3348,2998.7502,540.3348,5186.4585,750.3348,18345.8340,113.3348,3314.5835,295.2794,2823.7502,540.2794,5069.7920,750.2794,16847.5020,113.2794,3250.8335
295.0561,2673.3335,540.0561,4632.2920,750.0561,16220.8340,113.0561,2966.6667,294.9970,2577.0835,539.9970,4487.5000,749.9970,14681.6680,112.9970,2823.7502,295.2098,3005.4167,540.2098,5377.0835,750.2098,18148.3340,113.2098,3403.3335,295.1544,2870.8335,540.1544,5112.5000,750.1544,16820.0020,113.1544,3168.3335
294.9311,2679.1667,539.9311,4632.2920,749.9311,16171.6680,112.9311,3007.5002,294.8720,2604.1667,539.8720,4573.9585,749.8720,15083.3340,112.8720,2779.5835,295.0848,3027.0835,540.0848,5227.0835,750.0848,18179.1680,113.0848,3360.8335,295.0294,2846.6667,540.0294,5160.4170,750.0294,16835.8340,113.0294,3149.5835
294.8061,2698.3335,539.8061,4729.1670,749.8061,16104.1680,112.8061,3036.6667,294.7470,2571.6667,539.7470,4405.2085,749.7470,14990.0010,112.7470,2804.1667,294.9598,3004.5835,539.9598,5272.9170,749.9598,18224.1680,112.9598,3399.5835,294.9044,2875.0002,539.9044,5192.7085,749.9044,16689.1680,112.9044,3131.6667
294.6811,2662.5002,539.6811,4702.0835,749.6811,16205.8340,112.6811,3072.9167,294.6220,2567.5002,539.6220,4450.0000,749.6220,15055.8340,112.6220,2809.5835,294.8348,3072.0835,539.8348,5219.7920,749.8348,18369.1680,112.8348,3341.6667,294.7794,2910.0002,539.7794,5193.7500,749.7794,16817.5020,112.7794,3134.5835
294.5561,2692.0835,539.5561,4648.9585,749.5561,16185.8340,112.5561,3003.7502,294.4970,2609.1667,539.4970,4475.0000,749.4970,14908.3340,112.4970,2789.1667,294.7098,3087.9167,539.7098,5285.4170,749.7098,18290.8340,112.7098,3347.9167,294.6544,2907.9167,539.6544,5000.0000,749.6544,16789.1680,112.6544,3140.0002
294.4311,2665.0002,539.4311,4628.1250,749.4311,16197.5010,112.4311,3030.8335,294.3720,2517.9167,539.3720,4512.5000,749.3720,14957.5010,112.3720,2751.2502,294.5848,3026.2502,539.5848,5235.4170,749.5848,18397.5020,112.5848,3296.2502,294.5294,2901.2502,539.5294,5159.3750,749.5294,17136.6680,112.5294,3103.7502
294.3061,2711.6667,539.3061,4704.1670,749.3061,16095.0010,112.3061,3002.0835,294.2470,2550.8335,539.2470,4467.7085,749.2470,14815.8340,112.2470,2802.0835,294.4598,3066.6667,539.4598,5296.8750,749.4598,18395.8340,112.4598,3417.5002,294.4044,2976.2502,539.4044,5133.3335,749.4044,16945.0020,112.4044,3190.4167
294.1811,2700.4167,539.1811,4645.8335,749.1811,16162.5010,112.1811,3060.4167,294.1220,2530.4167,539.1220,4601.0420,749.1220,15064.1680,112.1220,2784.1667,294.3348,3015.4167,539.3348,5337.5000,749.3348,18415.0020,112.3348,3360.4167,294.2794,2994.5835,539.2794,5180.2085,749.2794,16895.0020,112.2794,3070.4167
294.0561,2713.3335,539.0561,4841.6670,749.0561,16168.3340,112.0561,3035.0002,293.9970,2605.8335,538.9970,4550.0000,748.9970,14895.0010,111.9970,2772.5002,294.2098,3049.1667,539.2098,5409.3750,749.2098,18455.8340,112.2098,3405.8335,294.1544,3023.7502,539.1544,5160.4170,749.1544,16900.0020,112.1544,3113.7502
293.9311,2689.1667,538.9311,4626.0420,748.9311,16183.3340,111.9311,3075.8335,293.8720,2617.9167,538.8720,4534.3750,748.8720,14903.3340,111.8720,2729.5835,294.0848,3045.0002,539.0848,5348.9585,749.0848,18160.0020,112.0848,3402.9167,294.0294,2984.5835,539.0294,5156.2500,749.0294,16940.8340,112.0294,3060.0002
293.8061,2720.4167,538.8061,4743.7500,748.8061,15962.5010,111.8061,3037.9167,293.7470,2620.8335,538.7470,4381.2500,748.7470,14994.1680,111.7470,2791.6667,293.9598,3173.3335,538.9598,5364.5835,748.9598,18354.1680,111.9598,3365.4167,293.9044,3016.2502,538.9044,5180.2085,748.9044,16941.6680,111.9044,3157.9167
293.6811,2761.2502,538.6811,4903.1250,748.6811,16098.3340,111.6811,3015.0002,293.6220,2609.1667,538.6220,4461.4585,748.6220,15082.5010,111.6220,2778.3335,293.8348,3107.0835,538.8348,5368.7500,748.8348,18264.1680,111.8348,3399.1667,293.7794,3027.9167,538.7794,5269.7920,748.7794,16855.0020,111.7794,3130.0002
293.5561,2718.7502,538.5561,4850.0000,748.5561,16244.1680,111.5561,3004.5835,293.4970,2600.0002,538.4970,4578.1250,748.4970,14815.0010,111.4970,2796.2502,293.7098,3140.8335,538.7098,5411.4585,748.7098,18501.6680,111.7098,3347.0835,293.6544,2956.2502,538.6544,5244.7920,748.6544,16983.3340,111.6544,3161.2502
293.4311,2730.0002,538.4311,4759.3750,748.4311,16190.8340,111.4311,2967.0835,293.3720,2552.5002,538.3720,4498.9585,748.3720,15025.0010,111.3720,2803.3335,293.5848,3145.0002,538.5848,5434.3750,748.5848,18544.1680,111.5848,3342.5002,293.5294,3009.1667,538.5294,5270.8335,748.5294,16860.8340,111.5294,3155.8335
293.3061,2759.5835,538.3061,4884.3750,748.3061,16317.5010,111.3061,3071.2502,293.2470,2589.5835,538.2470,4693.7500,748.2470,14853.3340,111.2470,2770.8335,293.4598,3120.4167,538.4598,5381.2500,748.4598,18453.3340,111.4598,3326.6667,293.4044,2917.9167,538.4044,5290.6250,748.4044,16777.5020,111.4044,3168.7502
293.1811,2736.2502,538.1811,4939.5835,748.1811,16254.1680,111.1811,3030.8335,293.1220,2570.4167,538.1220,4646.8750,748.1220,15016.6680,111.1220,2831.6667,293.3348,3013.7502,538.3348,5339.5835,748.3348,18366.6680,111.3348,3317.9167,293.2794,2984.5835,538.2794,5329.1670,748.2794,16987.5020,111.2794,3163.7502
293.0561,2681.2502,538.0561,4876.0420,748.0561,16409.1680,111.0561,3026.6667,292.9970,2619.5835,537.9970,4683.3335,747.9970,14962.5010,110.9970,2811.2502,293.2098,3107.5002,538.2098,5435.4170,748.2098,18263.3340,111.2098,3368.7502,293.1544,2955.4167,538.1544,5222.9170,748.1544,17022.5020,111.1544,3141.6667
292.9311,2747.9167,537.9311,4869.7920,747.9311,16289.1680,110.9311,2977.0835,292.8720,2540.4167,537.8720,4603.1250,747.8720,14994.1680,110.8720,2821.2502,293.0848,3007.5002,538.0848,5425.0000,748.0848,18181.6680,111.0848,3434.1670,293.0294,2979.5835,538.0294,5455.2085,748.0294,17021.6680,111.0294,3157.9167
292.8061,2642.0835,537.8061,4777.0835,747.8061,16351.6680,110.8061,3033.3335,292.7470,2544.5835,537.7470,4580.2085,747.7470,15090.8340,110.7470,2755.4167,292.9598,3087.9167,537.9598,5525.0000,747.9598,18449.1680,110.9598,3413.3335,292.9044,2905.4167,537.9044,5151.0420,747.9044,16841.6680,110.9044,3111.2502
292.6811,2712.0835,537.6811,4865.6250,747.6811,16106.6680,110.6811,3059.5835,292.6220,2559.1667,537.6220,4613.5420,747.6220,15126.6680,110.6220,2782.0835,292.8348,3051.2502,537.8348,5442.7085,747.8348,18321.6680,110.8348,3372.5002,292.7794,2903.3335,537.7794,5312.5000,747.7794,16905.0020,110.7794,3115.4167
292.5561,2685.8335,537.5561,4825.0000,747.5561,16166.6680,110.5561,3025.0002,292.4970,2604.5835,537.4970,4476.0420,747.4970,15070.8340,110.4970,2780.4167,292.7098,3098.7502,537.7098,5450.0000,747.7098,18369.1680,110.7098,3401.2502,292.6544,2905.0002,537.6544,5225.0000,747.6544,17105.8340,110.6544,3122.9167
292.4311,2698.7502,537.4311,4866.6670,747.4311,16453.3340,110.4311,3095.4167,292.3720,2612.5002,537.3720,4682.2920,747.3720,15102.5010,110.3720,2782.5002,292.5848,3043.7502,537.5848,5408.3335,747.5848,18489.1680,110.5848,3395.8335,292.5294,2926.2502,537.5294,5404.1670,747.5294,17200.8340,110.5294,3104.1667
292.3061,2659.5835,537.3061,4716.6670,747.3061,16327.5010,110.3061,3074.1667,292.2470,2590.4167,537.2470,4461.4585,747.2470,15206.6680,110.2470,2822.9167,292.4598,3070.8335,537.4598,5427.0835,747.4598,18278.3340,110.4598,3412.9167,292.4044,2857.5002,537.4044,5456.2500,747.4044,17110.8340,110.4044,3173.7502
292.1811,2668.3335,537.1811,4738.5420,747.1811,16325.8340,110.1811,3028.3335,292.1220,2497.0835,537.1220,4594.7920,747.1220,15179.1680,110.1220,2860.0002,292.3348,2936.6667,537.3348,5388.5420,747.3348,18655.8340,110.3348,3404.5835,292.2794,2819.1667,537.2794,5333.3335,747.2794,16893.3340,110.2794,3220.4167
292.0561,2680.4167,537.0561,4718.7500,747.0561,16470.0020,110.0561,3095.0002,291.9970,2541.6667,536.9970,4588.5420,746.9970,14996.6680,109.9970,2814.1667,292.2098,2969.5835,537.2098,5401.0420,747.2098,18690.0020,110.2098,3356.6667,292.1544,2838.3335,537.1544,5289.5835,747.1544,17060.0020,110.1544,3307.9167
291.9311,2695.8335,536.9311,4731.2500,746.9311,16433.3340,109.9311,3087.9167,291.8720,2595.4167,536.8720,4568.7500,746.8720,14894.1680,109.8720,2821.6667,292.0848,3033.3335,537.0848,5291.6670,747.0848,18436.6680,110.0848,3405.8335,292.0294,2872.0835,537.0294,5354.1670,747.0294,16987.5020,110.0294,3139.1667
291.8061,2757.9167,536.8061,4786.4585,746.8061,16230.0010,109.8061,3082.5002,291.7470,2565.4167,536.7470,4514.5835,746.7470,14943.3340,109.7470,2836.6667,291.9598,3069.1667,536.9598,5334.3750,746.9598,18258.3340,109.9598,3344.1667,291.9044,2856.2502,536.9044,5266.6670,746.9044,16825.8340,109.9044,3212.5002
291.6811,2706.2502,536.6811,4701.0420,746.6811,16268.3340,109.6811,3089.5835,291.6220,2537.9167,536.6220,4609.3750,746.6220,15030.0010,109.6220,2840.8335,291.8348,2977.5002,536.8348,5528.1250,746.8348,18452.5020,109.8348,3435.0002,291.7794,2934.1667,536.7794,5302.0835,746.7794,16990.0020,109.7794,3205.8335
291.5561,2727.5002,536.5561,4759.3750,746.5561,16375.8340,109.5561,3088.7502,291.4970,2504.1667,536.4970,4547.9170,746.4970,15109.1680,109.4970,2901.6667,291.7098,3028.3335,536.7098,5389.5835,746.7098,18516.6680,109.7098,3480.8335,291.6544,2908.7502,536.6544,5292.7085,746.6544,17028.3340,109.6544,3157.0835
291.4311,2650.8335,536.4311,4596.8750,746.4311,16273.3340,109.4311,3137.9167,291.3720,2548.3335,536.3720,4513.5420,746.3720,15083.3340,109.3720,2850.8335,291.5848,2960.8335,536.5848,5416.6670,746.5848,18372.5020,109.5848,3436.2502,291.5294,2893.7502,536.5294,5215.6250,746.5294,17016.6680,109.5294,3266.2502
291.3061,2732.5002,536.3061,4766.6670,746.3061,16290.0010,109.3061,3066.6667,291.2470,2582.9167,536.2470,4553.1250,746.2470,15149.1680,109.2470,2956.6667,291.4598,3009.5835,536.4598,5380.2085,746.4598,18528.3340,109.4598,3445.8335,291.4044,2829.5835,536.4044,5254.1670,746.4044,16984.1680,109.4044,3158.3335
291.1811,2643.3335,536.1811,4625.0000,746.1811,16277.5010,109.1811,3119.1667,291.1220,2562.0835,536.1220,4501.0420,746.1220,15107.5010,109.1220,2841.6667,291.3348,2968.7502,536.3348,5376.0420,746.3348,18445.8340,109.3348,3481.6670,291.2794,2903.3335,536.2794,5259.3750,746.2794,17088.3340,109.2794,3155.0002
291.0561,2795.0002,536.0561,4657.2920,746.0561,16215.0010,109.0561,3105.8335,290.9970,2554.1667,535.9970,4527.0835,745.9970,15142.5010,108.9970,2895.0002,291.2098,3062.9167,536.2098,5367.7085,746.2098,18494.1680,109.2098,3469.1670,291.1544,2865.8335,536.1544,5260.4170,746.1544,16817.5020,109.1544,3186.6667
290.9311,2681.6667,535.9311,4616.6670,745.9311,16404.1680,108.9311,3099.5835,290.8720,2583.7502,535.8720,4492.7085,745.8720,15071.6680,108.8720,2868.7502,291.0848,3014.5835,536.0848,5240.6250,746.0848,18330.0020,109.0848,3558.7502,291.0294,2890.0002,536.0294,5157.2920,746.0294,16967.5020,109.0294,3230.4167
290.8061,2716.6667,535.8061,4594.7920,745.8061,16300.0010,108.8061,3179.5835,290.7470,2524.1667,535.7470,4552.0835,745.7470,15030.8340,108.7470,2910.0002,290.9598,3039.5835,535.9598,5305.2085,745.9598,18407.5020,108.9598,3502.5002,290.9044,2847.0835,535.9044,5188.5420,745.9044,17000.0020,108.9044,3220.4167
290.6811,2743.3335,535.6811,4479.1670,745.6811,16461.6680,108.6811,3117.5002,290.6220,2572.5002,535.6220,4306.2500,745.6220,14892.5010,108.6220,2816.2502,290.8348,3061.6667,535.8348,5234.3750,745.8348,18550.0020,108.8348,3506.2502,290.7794,2851.6667,535.7794,5134.3750,745.7794,16884.1680,108.7794,3191.6667
290.5561,2749.1667,535.5561,4664.5835,745.5561,16270.8340,108.5561,3100.4167,290.4970,2532.9167,535.4970,4396.8750,745.4970,15012.5010,108.4970,3008.3335,290.7098,3004.1667,535.7098,5141.6670,745.7098,18430.8340,108.7098,3479.1670,290.6544,2872.5002,535.6544,5141.6670,745.6544,16879.1680,108.6544,3246.6667
290.4311,2766.6667,535.4311,4588.5420,745.4311,16251.6680,108.4311,3145.4167,290.3720,2612.0835,535.3720,4570.8335,745.3720,15074.1680,108.3720,2901.2502,290.5848,3051.6667,535.5848,5271.8750,745.5848,18627.5020,108.5848,3517.5002,290.5294,2945.8335,535.5294,4959.3750,745.5294,17013.3340,108.5294,3263.3335
290.3061,2792.5002,535.3061,4594.7920,745.3061,16296.6680,108.3061,3120.0002,290.2470,2629.5835,535.2470,4495.8335,745.2470,15037.5010,108.2470,2888.7502,290.4598,2990.8335,535.4598,5043.7500,745.4598,18450.0020,108.4598,3542.9170,290.4044,2880.4167,535.4044,5118.7500,745.4044,16909.1680,108.4044,3270.0002
290.1811,2797.9167,535.1811,4614.5835,745.1811,16247.5010,108.1811,3164.1667,290.1220,2632.0835,535.1220,4642.7085,745.1220,15088.3340,108.1220,2870.0002,290.3348,3111.2502,535.3348,5143.7500,745.3348,18405.0020,108.3348,3558.7502,290.2794,2912.0835,535.2794,5134.3750,745.2794,17015.8340,108.2794,3228.3335
290.0561,2787.9167,535.0561,4446.8750,745.0561,16640.0020,108.0561,3017.0835,289.9970,2685.4167,534.9970,4413.5420,744.9970,15135.0010,107.9970,2870.0002,290.2098,3064.1667,535.2098,5070.8335,745.2098,18677.5020,108.2098,3537.5002,290.1544,2896.2502,535.1544,5017.7085,745.1544,16940.8340,108.1544,3234.1667
289.9311,2790.8335,534.9311,4594.7920,744.9311,16474.1680,107.9311,3162.5002,289.8720,2653.3335,534.8720,4542.7085,744.8720,15465.8340,107.8720,2867.0835,290.0848,3092.5002,535.0848,5126.0420,745.0848,18471.6680,108.0848,3521.6670,290.0294,2975.8335,535.0294,4920.8335,745.0294,17213.3340,108.0294,3353.3335
289.8061,2829.5835,534.8061,4450.0000,744.8061,16618.3340,107.8061,3146.2502,289.7470,2632.0835,534.7470,4401.0420,744.7470,15330.0010,107.7470,2918.7502,289.9598,3167.9167,534.9598,5129.1670,744.9598,18753.3340,107.9598,3475.4170,289.9044,2902.0835,534.9044,4860.4170,744.9044,17205.8340,107.9044,3315.4167
289.6811,2972.0835,534.6811,4612.5000,744.6811,16760.0020,107.6811,3067.9167,289.6220,2756.6667,534.6220,4561.4585,744.6220,15350.8340,107.6220,2912.9167,289.8348,3168.3335,534.8348,5326.0420,744.8348,18457.5020,107.8348,3519.5835,289.7794,3030.4167,534.7794,4918.7500,744.7794,17096.6680,107.7794,3194.1667
289.5561,2832.0835,534.5561,4658.3335,744.5561,16733.3340,107.5561,3111.6667,289.4970,2732.9167,534.4970,4468.7500,744.4970,15483.3340,107.4970,2896.6667,289.7098,3195.0002,534.7098,5153.1250,744.7098,18766.6680,107.7098,3527.0835,289.6544,2995.8335,534.6544,5040.6250,744.6544,17238.3340,107.6544,3244.1667
289.4311,2933.3335,534.4311,4694.7920,744.4311,16852.5020,107.4311,3157.0835,289.3720,2815.0002,534.3720,4565.6250,744.3720,15655.0010,107.3720,2896.6667,289.5848,3230.8335,534.5848,5276.0420,744.5848,18787.5020,107.5848,3535.0002,289.5294,3070.8335,534.5294,5113.5420,744.5294,17360.0020,107.5294,3327.9167
289.3061,2933.3335,534.3061,4758.3335,744.3061,16689.1680,107.3061,3077.0835,289.2470,2725.8335,534.2470,4757.2920,744.2470,15742.5010,107.2470,2923.7502,289.4598,3222.5002,534.4598,5232.2920,744.4598,18885.8340,107.4598,3545.4170,289.4044,3015.4167,534.4044,5303.1250,744.4044,17365.8340,107.4044,3330.8335
289.1811,2940.0002,534.1811,4971.8750,744.1811,16955.8340,107.1811,3145.8335,289.1220,2864.5835,534.1220,4845.8335,744.1220,15515.8340,107.1220,2915.0002,289.3348,3295.0002,534.3348,5342.7085,744.3348,18970.0020,107.3348,3561.2502,289.2794,3150.4167,534.2794,4958.3335,744.2794,17721.6680,107.2794,3304.1667
289.0561,2949.1667,534.0561,5116.6670,744.0561,17025.8340,107.0561,3252.9167,288.9970,2834.5835,533.9970,5030.2085,743.9970,15713.3340,106.9970,2821.2502,289.2098,3288.7502,534.2098,5489.5835,744.2098,19312.5020,107.2098,3582.0835,289.1544,3061.6667,534.1544,5477.0835,744.1544,17594.1680,107.1544,3321.6667
288.9311,2938.3335,533.9311,5358.3335,743.9311,16910.8340,106.9311,3187.5002,288.8720,2809.1667,533.8720,5251.0420,743.8720,15760.8340,106.8720,2959.5835,289.0848,3259.1667,534.0848,5564.5835,744.0848,18909.1680,107.0848,3527.9170,289.0294,3198.3335,534.0294,5527.0835,744.0294,17532.5020,107.0294,3258.3335
288.8061,3007.9167,533.8061,5556.2500,743.8061,17215.8340,106.8061,3112.0835,288.7470,2845.4167,533.7470,5362.5000,743.7470,15867.5010,106.7470,2876.6667,288.9598,3302.9167,533.9598,5742.7085,743.9598,19495.0020,106.9598,3573.7502,288.9044,3180.0002,533.9044,5636.4585,743.9044,17681.6680,106.9044,3249.5835
288.6811,3006.2502,533.6811,6036.4585,743.6811,17086.6680,106.6811,3149.5835,288.6220,2845.8335,533.6220,5712.5000,743.6220,16029.1680,106.6220,2901.2502,288.8348,3324.1667,533.8348,6044.7920,743.8348,19319.1680,106.8348,3501.2502,288.7794,3228.7502,533.7794,5985.4170,743.7794,17796.6680,106.7794,3306.6667
288.5561,2971.6667,533.5561,6312.5000,743.5561,17245.8340,106.5561,3215.4167,288.4970,2787.0835,533.4970,5985.4170,743.4970,16010.8340,106.4970,2918.3335,288.7098,3329.1667,533.7098,6385.4170,743.7098,19692.5020,106.7098,3512.5002,288.6544,3234.1667,533.6544,6397.9170,743.6544,17811.6680,106.6544,3289.5835
288.4311,2974.1667,533.4311,6903.1250,743.4311,17145.8340,106.4311,3144.1667,288.3720,2736.2502,533.3720,6647.9170,743.3720,15888.3340,106.3720,2882.5002,288.5848,3274.5835,533.5848,6552.0835,743.5848,19402.5020,106.5848,3519.1670,288.5294,3155.8335,533.5294,6583.3335,743.5294,17835.0020,106.5294,3243.7502
288.3061,2924.5835,533.3061,7372.9170,743.3061,17290.8340,106.3061,3164.5835,288.2470,2778.7502,533.2470,7091.6670,743.2470,16022.5010,106.2470,2932.5002,288.4598,3274.5835,533.4598,6886.4585,743.4598,19647.5020,106.4598,3501.2502,288.4044,3124.5835,533.4044,6983.3335,743.4044,18020.0020,106.4044,3316.6667
288.1811,2897.9167,533.1811,8184.3750,743.1811,17190.8340,106.1811,3195.4167,288.1220,2775.4167,533.1220,7887.5000,743.1220,15930.8340,106.1220,2952.9167,288.3348,3330.8335,533.3348,7489.5835,743.3348,19578.3340,106.3348,3457.5002,288.2794,3099.1667,533.2794,7380.2085,743.2794,17875.8340,106.2794,3272.0835
288.0561,2922.5002,533.0561,9114.5840,743.0561,17489.1680,106.0561,3165.0002,287.9970,2820.0002,532.9970,8689.5840,742.9970,16008.3340,105.9970,2901.6667,288.2098,3245.8335,533.2098,8305.2090,743.2098,19799.1680,106.2098,3566.6670,288.1544,2977.9167,533.1544,8086.4585,743.1544,18090.0020,106.1544,3294.1667
287.9311,2905.0002,532.9311,10416.6670,742.9311,17472.5020,105.9311,3195.4167,287.8720,2758.3335,532.8720,9847.9170,742.8720,15935.0010,105.8720,2976.2502,288.0848,3242.9167,533.0848,9181.2500,743.0848,19816.6680,106.0848,3472.9170,288.0294,3110.4167,533.0294,8933.3340,743.0294,18048.3340,106.0294,3337.9167
287.8061,2935.0002,532.8061,11687.5000,742.8061,17236.6680,105.8061,3237.5002,287.7470,2755.4167,532.7470,10827.0840,742.7470,15800.8340,105.7470,2879.1667,287.9598,3255.4167,532.9598,10260.4170,742.9598,19479.1680,105.9598,3519.5835,287.9044,3103.3335,532.9044,10096.8750,742.9044,18115.8340,105.9044,3320.8335
287.6811,2970.4167,532.6811,13151.0420,742.6811,17362.5020,105.6811,3181.2502,287.6220,2809.1667,532.6220,12485.4170,742.6220,15901.6680,105.6220,2956.6667,287.8348,3204.5835,532.8348,11494.7920,742.8348,19661.6680,105.8348,3582.9170,287.7794,3032.9167,532.7794,11327.0840,742.7794,17899.1680,105.7794,3305.0002
287.5561,2983.3335,532.5561,15319.7920,742.5561,17225.8340,105.5561,3173.3335,287.4970,2870.4167,532.4970,14458.3340,742.4970,15765.8340,105.4970,2900.4167,287.7098,3230.8335,532.7098,13125.0000,742.7098,19473.3340,105.7098,3445.4170,287.6544,3139.5835,532.6544,12784.3750,742.6544,18064.1680,105.6544,3308.7502
287.4311,2983.7502,532.4311,17179.1680,742.4311,17155.8340,105.4311,3256.2502,287.3720,2864.5835,532.3720,16243.7500,742.3720,16009.1680,105.3720,2942.9167,287.5848,3267.5002,532.5848,15123.9590,742.5848,19505.8340,105.5848,3502.9170,287.5294,3091.6667,532.5294,14750.0000,742.5294,17862.5020,105.5294,3336.2502
287.3061,2992.5002,532.3061,19292.7090,742.3061,17383.3340,105.3061,3242.5002,287.2470,2850.4167,532.2470,18747.9180,742.2470,16022.5010,105.2470,2972.5002,287.4598,3284.1667,532.4598,17786.4590,742.4598,19640.0020,105.4598,3577.0835,287.4044,3125.4167,532.4044,16915.6250,742.4044,18150.8340,105.4044,3326.2502
287.1811,3044.1667,532.1811,22061.4590,742.1811,17245.0020,105.1811,3260.0002,287.1220,2829.1667,532.1220,21268.7500,742.1220,16071.6680,105.1220,2947.9167,287.3348,3290.4167,532.3348,20788.5430,742.3348,19633.3340,105.3348,3651.2502,287.2794,3145.8335,532.2794,19212.5000,742.2794,18124.1680,105.2794,3330.0002
287.0561,3031.2502,532.0561,24737.5000,742.0561,17393.3340,105.0561,3197.5002,286.9970,2860.0002,531.9970,23360.4180,741.9970,16047.5010,104.9970,2974.1667,287.2098,3330.0002,532.2098,23601.0430,742.2098,19486.6680,105.2098,3620.0002,287.1544,3151.6667,532.1544,21748.9590,742.1544,18097.5020,105.1544,3394.5835
286.9311,3089.1667,531.9311,27357.2930,741.9311,17038.3340,104.9311,3287.9167,286.8720,2969.1667,531.8720,25941.6680,741.8720,16214.1680,104.8720,2921.2502,287.0848,3357.9167,532.0848,27829.1680,742.0848,19627.5020,105.0848,3615.0002,287.0294,3224.1667,532.0294,24834.3750,742.0294,17949.1680,105.0294,3384.1667
286.8061,3099.5835,531.8061,30035.4180,741.8061,17236.6680,104.8061,3340.8335,286.7470,2988.7502,531.7470,28526.0430,741.7470,16064.1680,104.7470,2959.1667,286.9598,3433.3335,531.9598,31372.9180,741.9598,19363.3340,104.9598,3660.8335,286.9044,3245.8335,531.9044,27964.5840,741.9044,18031.6680,104.9044,3394.1667
286.6811,3133.3335,531.6811,32144.7930,741.6811,16954.1680,104.6811,3312.0835,286.6220,3030.0002,531.6220,29941.6680,741.6220,15966.6680,104.6220,2992.0835,286.8348,3369.1667,531.8348,34965.6250,741.8348,19614.1680,104.8348,3658.7502,286.7794,3368.7502,531.7794,30859.3750,741.7794,17881.6680,104.7794,3422.5002
286.5561,3217.5002,531.5561,33608.3359,741.5561,16973.3340,104.5561,3320.8335,286.4970,3002.9167,531.4970,31383.3340,741.4970,15806.6680,104.4970,2961.6667,286.7098,3404.5835,531.7098,37836.4609,741.7098,19592.5020,104.7098,3746.2502,286.6544,3395.0002,531.6544,33495.8359,741.6544,17803.3340,104.6544,3440.0002
286.4311,3227.0835,531.4311,34430.2109,741.4311,17205.8340,104.4311,3361.2502,286.3720,3060.4167,531.3720,32037.5000,741.3720,15726.6680,104.3720,3034.1667,286.5848,3416.2502,531.5848,40180.2109,741.5848,19583.3340,104.5848,3714.5835,286.5294,3337.0835,531.5294,35548.9609,741.5294,17803.3340,104.5294,3450.8335
286.3061,3362.5002,531.3061,34833.3359,741.3061,17106.6680,104.3061,3315.8335,286.2470,3023.7502,531.2470,32217.7090,741.2470,15859.1680,104.2470,3047.5002,286.4598,3453.3335,531.4598,41433.3359,741.4598,19437.5020,104.4598,3752.5002,286.4044,3379.5835,531.4044,36527.0859,741.4044,17881.6680,104.4044,3387.9167
286.1811,3399.5835,531.1811,34451.0430,741.1811,16950.0020,104.1811,3351.2502,286.1220,3085.4167,531.1220,31528.1250,741.1220,15928.3340,104.1220,3108.3335,286.3348,3556.2502,531.3348,41996.8750,741.3348,19409.1680,104.3348,3803.7502,286.2794,3395.4167,531.2794,37306.2500,741.2794,17791.6680,104.2794,3542.0835
286.0561,3511.6670,531.0561,33591.6680,741.0561,16840.8340,104.0561,3444.5835,285.9970,3116.2502,530.9970,30157.2930,740.9970,15709.1680,103.9970,3088.3335,286.2098,3602.0835,531.2098,41652.0859,741.2098,19212.5020,104.2098,3900.8335,286.1544,3450.8335,531.1544,36334.3750,741.1544,17830.0020,104.1544,3558.3335
285.9311,3629.1670,530.9311,32339.5840,740.9311,16707.5020,103.9311,3405.4167,285.8720,3222.9167,530.8720,29518.7500,740.8720,15708.3340,103.8720,3150.0002,286.0848,3676.6670,531.0848,39676.0430,741.0848,19357.5020,104.0848,3954.5835,286.0294,3498.3335,531.0294,35588.5430,741.0294,17793.3340,104.0294,3594.5835
285.8061,3627.5002,530.8061,31731.2500,740.8061,16820.0020,103.8061,3510.8335,285.7470,3310.4167,530.7470,28311.4590,740.7470,15606.6680,103.7470,3173.3335,285.9598,3761.2502,530.9598,38552.0859,740.9598,19147.5020,103.9598,3859.1670,285.9044,3622.0835,530.9044,34117.7109,740.9044,17650.0020,103.9044,3671.6670
285.6811,3720.8335,530.6811,29998.9590,740.6811,16985.0020,103.6811,3558.7502,285.6220,3384.5835,530.6220,28262.5000,740.6220,15565.8340,103.6220,3231.2502,285.8348,3891.2502,530.8348,36726.0430,740.8348,19227.5020,103.8348,3877.9170,285.7794,3691.6670,530.7794,33264.5859,740.7794,17705.8340,103.7794,3648.3335
285.5561,3920.8335,530.5561,29689.5840,740.5561,16800.0020,103.5561,3489.1670,285.4970,3365.8335,530.4970,27748.9590,740.4970,15511.6680,103.4970,3175.0002,285.7098,4008.7502,530.7098,36132.2930,740.7098,18928.3340,103.7098,3957.5002,285.6544,3820.4170,530.6544,32288.5430,740.6544,17723.3340,103.6544,3757.0835
285.4311,3935.4170,530.4311,29243.7500,740.4311,16801.6680,103.4311,3520.4170,285.3720,3452.5002,530.3720,27681.2500,740.3720,15401.6680,103.3720,3181.2502,285.5848,4232.0835,530.5848,35404.1680,740.5848,19280.8340,103.5848,4006.2502,285.5294,3938.7502,530.5294,32079.1680,740.5294,17626.6680,103.5294,3786.6670
285.3061,4130.4170,530.3061,28681.2500,740.3061,16878.3340,103.3061,3550.4170,285.2470,3431.6670,530.2470,27103.1250,740.2470,15630.8340,103.2470,3299.5835,285.4598,4350.0005,530.4598,35222.9180,740.4598,19107.5020,103.4598,4109.5835,285.4044,4008.7502,530.4044,32022.9180,740.4044,17561.6680,103.4044,3828.3335
285.1811,4160.8335,530.1811,27889.5840,740.1811,16860.8340,103.1811,3600.0002,285.1220,3551.6670,530.1220,26607.2930,740.1220,15420.8340,103.1220,3255.8335,285.3348,4551.6670,530.3348,35337.5000,740.3348,18813.3340,103.3348,4089.5835,285.2794,4112.5005,530.2794,32060.4180,740.2794,17475.8340,103.2794,3866.2502
285.0561,4313.7505,530.0561,26472.9180,740.0561,16628.3340,103.0561,3542.5002,284.9970,3486.2502,529.9970,24885.4180,739.9970,15362.5010,102.9970,3256.2502,285.2098,4708.3335,530.2098,34637.5000,740.2098,18999.1680,103.2098,4083.3335,285.1544,4210.4170,530.1544,31925.0000,740.1544,17525.8340,103.1544,3925.8335
284.9311,4261.6670,529.9311,24761.4590,739.9311,16965.0020,102.9311,3599.1670,284.8720,3520.4170,529.8720,22750.0000,739.8720,15420.8340,102.8720,3309.1667,285.0848,4732.0835,530.0848,33667.7109,740.0848,18961.6680,103.0848,4112.0835,285.0294,4266.2505,530.0294,30866.6680,740.0294,17242.5020,103.0294,3994.5835
284.8061,4336.6670,529.8061,21940.6250,739.8061,16560.8340,102.8061,3606.2502,284.7470,3509.5835,529.7470,19928.1250,739.7470,15353.3340,102.7470,3323.3335,284.9598,4832.0835,529.9598,31369.7930,739.9598,18739.1680,102.9598,4236.6670,284.9044,4308.7505,529.9044,28656.2500,739.9044,17452.5020,102.9044,4067.5002
284.6811,4241.6670,529.6811,19028.1250,739.6811,16524.1680,102.6811,3578.7502,284.6220,3435.4170,529.6220,17185.4180,739.6220,15325.0010,102.6220,3325.8335,284.8348,4998.3335,529.8348,28314.5840,739.8348,18912.5020,102.8348,4213.7505,284.7794,4300.0005,529.7794,25977.0840,739.7794,17463.3340,102.7794,3962.0835
284.5561,4199.1670,529.5561,16179.1670,739.5561,16399.1680,102.5561,3656.2502,284.4970,3340.0002,529.4970,14133.3340,739.4970,15458.3340,102.4970,3330.4167,284.7098,4882.5005,529.7098,24407.2930,739.7098,18743.3340,102.7098,4262.5005,284.6544,4147.0835,529.6544,22328.1250,739.6544,17409.1680,102.6544,3990.0002
284.4311,4111.6670,529.4311,13285.4170,739.4311,16580.0020,102.4311,3681.6670,284.3720,3282.9167,529.3720,11586.4590,739.3720,15492.5010,102.3720,3378.3335,284.5848,4856.6670,529.5848,20238.5430,739.5848,18764.1680,102.5848,4294.5835,284.5294,4112.9170,529.5294,19011.4590,739.5294,17386.6680,102.5294,3985.8335
284.3061,3868.7502,529.3061,10678.1250,739.3061,16668.3340,102.3061,3634.1670,284.2470,3192.5002,529.2470,9073.9590,739.2470,15437.5010,102.2470,3327.9167,284.4598,4744.5835,529.4598,16186.4590,739.4598,18623.3340,102.4598,4300.8335,284.4044,3972.5002,529.4044,15595.8340,739.4044,17414.1680,102.4044,3995.0002
284.1811,3680.8335,529.1811,8602.0840,739.1811,16501.6680,102.1811,3735.8335,284.1220,3044.1667,529.1220,7339.5835,739.1220,15643.3340,102.1220,3305.8335,284.3348,4602.9170,529.3348,13046.8750,739.3348,18686.6680,102.3348,4292.5005,284.2794,3767.0835,529.2794,12368.7500,739.2794,17419.1680,102.2794,3982.0835
284.0561,3592.9170,529.0561,6946.8750,739.0561,16500.8340,102.0561,3660.8335,283.9970,2912.5002,528.9970,5939.5835,738.9970,15551.6680,101.9970,3364.1667,284.2098,4289.5835,529.2098,10337.5000,739.2098,18896.6680,102.2098,4285.8335,284.1544,3619.5835,529.1544,10023.9590,739.1544,17431.6680,102.1544,3942.0835
283.9311,3404.1667,528.9311,5748.9585,738.9311,16915.0020,101.9311,3644.1670,283.8720,2890.8335,528.8720,5077.0835,738.8720,15317.5010,101.8720,3327.0835,284.0848,4153.7505,529.0848,7898.9585,739.0848,18725.0020,102.0848,4246.2505,284.0294,3365.0002,529.0294,7966.6670,739.0294,17305.8340,102.0294,3923.3335
283.8061,3248.3335,528.8061,4791.6670,738.8061,16359.1680,101.8061,3677.9170,283.7470,2759.1667,528.7470,4163.5420,738.7470,15415.0010,101.7470,3383.3335,283.9598,3840.4170,528.9598,6778.1250,738.9598,18725.0020,101.9598,4274.5835,283.9044,3257.0835,528.9044,6460.4170,738.9044,17217.5020,101.9044,3823.3335
283.6811,3095.8335,528.6811,4003.1250,738.6811,16594.1680,101.6811,3697.5002,283.6220,2751.6667,528.6220,3728.1250,738.6220,15467.5010,101.6220,3355.0002,283.8348,3670.4170,528.8348,5446.8750,738.8348,18833.3340,101.8348,4173.3335,283.7794,3186.6667,528.7794,5412.5000,738.7794,17177.5020,101.7794,3834.1670
283.5561,2992.0835,528.5561,3666.6667,738.5561,16524.1680,101.5561,3657.9170,283.4970,2663.7502,528.4970,3285.4167,738.4970,15620.8340,101.4970,3395.8335,283.7098,3443.3335,528.7098,4785.4170,738.7098,18698.3340,101.7098,4248.7505,283.6544,3104.1667,528.6544,4594.7920,738.6544,17365.0020,101.6544,3837.9170
283.4311,2839.1667,528.4311,3439.5835,738.4311,16624.1680,101.4311,3655.4170,283.3720,2616.2502,528.3720,3119.7917,738.3720,15437.5010,101.3720,3367.5002,283.5848,3306.6667,528.5848,4162.5000,738.5848,18804.1680,101.5848,4185.0005,283.5294,3025.8335,528.5294,4092.7085,738.5294,17464.1680,101.5294,3811.6670
283.3061,2805.8335,528.3061,3190.6250,738.3061,16626.6680,101.3061,3683.3335,283.2470,2585.4167,528.2470,2991.6667,738.2470,15487.5010,101.2470,3363.3335,283.4598,3288.3335,528.4598,3926.0417,738.4598,18801.6680,101.4598,4115.8335,283.4044,3005.0002,528.4044,3700.0000,738.4044,17347.5020,101.4044,3866.2502
283.1811,2729.1667,528.1811,3014.5835,738.1811,16527.5020,101.1811,3689.5835,283.1220,2571.2502,528.1220,2875.0000,738.1220,15270.8340,101.1220,3372.9167,283.3348,3132.5002,528.3348,3528.1250,738.3348,18877.5020,101.3348,4125.0005,283.2794,2924.5835,528.2794,3487.5000,738.2794,17337.5020,101.2794,3794.1670
283.0561,2713.7502,528.0561,2842.7085,738.0561,16515.8340,101.0561,3702.5002,282.9970,2595.0002,527.9970,2789.5835,737.9970,15686.6680,100.9970,3344.1667,283.2098,3094.5835,528.2098,3478.1250,738.2098,18878.3340,101.2098,4152.0835,283.1544,2907.9167,528.1544,3259.3750,738.1544,17435.8340,101.1544,3790.4170
282.9311,2663.7502,527.9311,2787.5000,737.9311,16615.8340,100.9311,3646.2502,282.8720,2527.0835,527.8720,2625.0000,737.8720,15367.5010,100.8720,3413.3335,283.0848,3076.6667,528.0848,3222.9167,738.0848,19000.0020,101.0848,4143.7505,283.0294,2873.7502,528.0294,3145.8335,738.0294,17415.8340,101.0294,3884.5835
282.8061,2642.9167,527.8061,2701.0417,737.8061,16793.3340,100.8061,3727.9170,282.7470,2504.1667,527.7470,2555.2085,737.7470,15718.3340,100.7470,3457.0835,282.9598,3057.5002,527.9598,3119.7917,737.9598,19022.5020,100.9598,4200.4170,282.9044,2860.4167,527.9044,3109.3750,737.9044,17245.0020,100.9044,3888.3335
282.6811,2679.1667,527.6811,2655.2085,737.6811,16837.5020,100.6811,3642.0835,282.6220,2480.0002,527.6220,2581.2500,737.6220,15714.1680,100.6220,3417.0835,282.8348,2975.0002,527.8348,3033.3335,737.8348,18839.1680,100.8348,4110.8335,282.7794,2875.0002,527.7794,3001.0417,737.7794,17609.1680,100.7794,3840.8335
282.5561,2625.0002,527.5561,2597.9167,737.5561,16770.8340,100.5561,3757.9170,282.4970,2492.5002,527.4970,2573.9585,737.4970,15788.3340,100.4970,3396.2502,282.7098,3003.3335,527.7098,2839.5835,737.7098,18702.5020,100.7098,4211.2505,282.6544,2811.2502,527.6544,2941.6667,737.6544,17695.8340,100.6544,3837.9170
282.4311,2709.5835,527.4311,2478.1250,737.4311,16930.0020,100.4311,3728.7502,282.3720,2528.3335,527.3720,2438.5417,737.3720,15388.3340,100.3720,3423.3335,282.5848,2987.0835,527.5848,3006.2500,737.5848,18727.5020,100.5848,4147.9170,282.5294,2863.3335,527.5294,2945.8335,737.5294,17639.1680,100.5294,3885.4170
282.3061,2698.3335,527.3061,2404.1667,737.3061,16928.3340,100.3061,3723.7502,282.2470,2521.6667,527.2470,2393.7500,737.2470,15755.0010,100.2470,3466.2502,282.4598,3006.6667,527.4598,2761.4585,737.4598,18837.5020,100.4598,4265.8335,282.4044,2838.3335,527.4044,2833.3335,737.4044,17582.5020,100.4044,3836.6670
282.1811,2627.5002,527.1811,2495.8335,737.1811,16810.8340,100.1811,3680.8335,282.1220,2507.0835,527.1220,2365.6250,737.1220,15515.0010,100.1220,3413.7502,282.3348,2989.1667,527.3348,2793.7500,737.3348,19270.8340,100.3348,4239.1670,282.2794,2752.5002,527.2794,2871.8750,737.2794,17553.3340,100.2794,3911.2502
282.0561,2687.5002,527.0561,2572.9167,737.0561,17126.6680,100.0561,3703.7502,281.9970,2478.3335,526.9970,2432.2917,736.9970,15791.6680,99.9970,3450.0002,282.2098,2976.6667,527.2098,2832.2917,737.2098,19274.1680,100.2098,4192.5005,282.1544,2826.2502,527.1544,2694.7917,737.1544,17840.8340,100.1544,3906.6670
281.9311,2666.2502,526.9311,2444.7917,736.9311,17141.6680,99.9311,3593.3335,281.8720,2542.5002,526.8720,2309.3750,736.8720,15975.8340,99.8720,3346.6667,282.0848,3023.7502,527.0848,2745.8335,737.0848,19104.1680,100.0848,4181.6670,282.0294,2784.5835,527.0294,2794.7917,737.0294,17915.0020,100.0294,3844.1670
281.8061,2637.5002,526.8061,2373.9585,736.8061,16977.5020,99.8061,3727.5002,281.7470,2523.7502,526.7470,2336.4585,736.7470,15760.0010,99.7470,3343.3335,281.9598,2984.1667,526.9598,2711.4585,736.9598,19370.8340,99.9598,4136.6670,281.9044,2847.9167,526.9044,2795.8335,736.9044,17860.0020,99.9044,3911.6670
281.6811,2690.4167,526.6811,2451.0417,736.6811,17145.8340,99.6811,3634.1670,281.6220,2507.9167,526.6220,2336.4585,736.6220,16018.3340,99.6220,3258.3335,281.8348,3042.5002,526.8348,2813.5417,736.8348,19475.8340,99.8348,4207.5005,281.7794,2799.5835,526.7794,2670.8335,736.7794,17872.5020,99.7794,3767.9170
281.5561,2622.9167,526.5561,2369.7917,736.5561,17120.0020,99.5561,3606.6670,281.4970,2578.7502,526.4970,2367.7085,736.4970,15754.1680,99.4970,3391.2502,281.7098,2992.0835,526.7098,2718.7500,736.7098,19631.6680,99.7098,4134.5835,281.6544,2795.4167,526.6544,2658.3335,736.6544,17660.8340,99.6544,3785.8335
281.4311,2624.5835,526.4311,2394.7917,736.4311,17130.8340,99.4311,3562.9170,281.3720,2462.9167,526.3720,2229.1667,736.3720,16146.6680,99.3720,3215.8335,281.5848,3029.1667,526.5848,2687.5000,736.5848,19684.1680,99.5848,4118.7505,281.5294,2887.5002,526.5294,2605.2085,736.5294,17964.1680,99.5294,3749.5835
281.3061,2605.4167,526.3061,2293.7500,736.3061,17670.8340,99.3061,3542.9170,281.2470,2541.2502,526.2470,2342.7085,736.2470,15907.5010,99.2470,3315.8335,281.4598,2995.8335,526.4598,2597.9167,736.4598,19819.1680,99.4598,4078.7502,281.4044,2824.1667,526.4044,2573.9585,736.4044,18056.6680,99.4044,3757.5002
281.1811,2597.9167,526.1811,2404.1667,736.1811,17010.8340,99.1811,3527.5002,281.1220,2483.7502,526.1220,2373.9585,736.1220,16139.1680,99.1220,3196.2502,281.3348,3009.5835,526.3348,2723.9585,736.3348,19755.8340,99.3348,4054.1670,281.2794,2856.2502,526.2794,2708.3335,736.2794,17745.0020,99.2794,3768.3335
281.0561,2597.5002,526.0561,2410.4167,736.0561,17391.6680,99.0561,3454.1670,280.9970,2593.3335,525.9970,2226.0417,735.9970,15977.5010,98.9970,3196.6667,281.2098,3032.0835,526.2098,2662.5000,736.2098,19532.5020,99.2098,3960.0002,281.1544,2878.3335,526.1544,2506.2500,736.1544,18278.3340,99.1544,3695.0002
280.9311,2677.0835,525.9311,2381.2500,735.9311,17653.3340,98.9311,3410.0002,280.8720,2505.0002,525.8720,2214.5835,735.8720,16030.0010,98.8720,3121.2502,281.0848,2984.1667,526.0848,2668.7500,736.0848,19865.8340,99.0848,3933.7502,281.0294,2792.5002,526.0294,2585.4167,736.0294,17997.5020,99.0294,3668.7502
280.8061,2659.5835,525.8061,2394.7917,735.8061,17469.1680,98.8061,3415.8335,280.7470,2510.4167,525.7470,2288.5417,735.7470,16370.8340,98.7470,3145.0002,280.9598,2945.8335,525.9598,2563.5417,735.9598,20034.1680,98.9598,3902.0835,280.9044,2828.3335,525.9044,2568.7500,735.9044,18535.0020,98.9044,3532.0835
280.6811,2638.3335,525.6811,2370.8335,735.6811,17439.1680,98.6811,3489.1670,280.6220,2549.1667,525.6220,2265.6250,735.6220,16363.3340,98.6220,3140.4167,280.8348,2977.5002,525.8348,2582.2917,735.8348,19690.0020,98.8348,3871.2502,280.7794,2764.1667,525.7794,2562.5000,735.7794,18440.0020,98.7794,3505.4170
280.5561,2679.1667,525.5561,2334.3750,735.5561,17795.0020,98.5561,3379.1667,280.4970,2445.0002,525.4970,2291.6667,735.4970,16372.5010,98.4970,3152.0835,280.7098,2975.4167,525.7098,2644.7917,735.7098,20092.5020,98.7098,3787.9170,280.6544,2856.6667,525.6544,2620.8335,735.6544,18408.3340,98.6544,3600.8335
280.4311,2644.1667,525.4311,2347.9167,735.4311,17676.6680,98.4311,3439.1670,280.3720,2449.5835,525.3720,2209.3750,735.3720,16210.0010,98.3720,3065.0002,280.5848,2947.9167,525.5848,2606.2500,735.5848,20120.8340,98.5848,3900.0002,280.5294,2834.1667,525.5294,2530.2085,735.5294,18522.5020,98.5294,3561.2502
280.3061,2729.5835,525.3061,2267.7085,735.3061,17712.5020,98.3061,3391.2502,280.2470,2489.1667,525.2470,2295.8335,735.2470,16631.6680,98.2470,3076.2502,280.4598,2970.4167,525.4598,2508.3335,735.4598,20026.6680,98.4598,3789.5835,280.4044,2805.8335,525.4044,2638.5417,735.4044,18700.0020,98.4044,3497.0835
280.1811,2697.5002,525.1811,2336.4585,735.1811,17764.1680,98.1811,3432.0835,280.1220,2438.7502,525.1220,2347.9167,735.1220,16600.0020,98.1220,3070.8335,280.3348,2979.1667,525.3348,2593.7500,735.3348,20103.3340,98.3348,3852.5002,280.2794,2863.7502,525.2794,2530.2085,735.2794,18659.1680,98.2794,3552.5002
280.0561,2600.0002,525.0561,2284.3750,735.0561,17802.5020,98.0561,3409.5835,279.9970,2527.0835,524.9970,2344.7917,734.9970,16422.5020,97.9970,3094.1667,280.2098,2964.5835,525.2098,2503.1250,735.2098,20218.3340,98.2098,3787.5002,280.1544,2822.9167,525.1544,2679.1667,735.1544,18562.5020,98.1544,3562.0835
279.9311,2621.2502,524.9311,2360.4167,734.9311,18006.6680,97.9311,3423.7502,279.8720,2513.3335,524.8720,2223.9585,734.8720,16304.1680,97.8720,3073.7502,280.0848,2964.1667,525.0848,2572.9167,735.0848,20366.6680,98.0848,3767.5002,280.0294,2847.5002,525.0294,2595.8335,735.0294,18682.5020,98.0294,3443.3335
279.8061,2666.2502,524.8061,2303.1250,734.8061,17995.0020,97.8061,3421.2502,279.7470,2537.5002,524.7470,2192.7085,734.7470,16860.0020,97.7470,3128.7502,279.9598,2969.5835,524.9598,2542.7085,734.9598,20306.6680,97.9598,3745.0002,279.9044,2810.4167,524.9044,2623.9585,734.9044,18702.5020,97.9044,3502.0835
279.6811,2652.0835,524.6811,2270.8335,734.6811,17993.3340,97.6811,3420.4170,279.6220,2486.6667,524.6220,2298.9585,734.6220,16835.0020,97.6220,3127.0835,279.8348,2966.2502,524.8348,2509.3750,734.8348,20755.0020,97.8348,3725.8335,279.7794,2842.5002,524.7794,2565.6250,734.7794,18864.1680,97.7794,3518.3335
279.5561,2598.3335,524.5561,2313.5417,734.5561,17998.3340,97.5561,3390.4167,279.4970,2494.1667,524.4970,2234.3750,734.4970,16718.3340,97.4970,3097.5002,279.7098,2946.2502,524.7098,2618.7500,734.7098,20392.5020,97.7098,3716.6670,279.6544,2828.7502,524.6544,2576.0417,734.6544,18644.1680,97.6544,3524.1670
279.4311,2624.5835,524.4311,2226.0417,734.4311,18046.6680,97.4311,3383.3335,279.3720,2529.5835,524.3720,2251.0417,734.3720,16936.6680,97.3720,3112.9167,279.5848,2948.7502,524.5848,2592.7085,734.5848,20537.5020,97.5848,3706.2502,279.5294,2836.6667,524.5294,2501.0417,734.5294,18800.8340,97.5294,3503.3335
279.3061,2592.5002,524.3061,2260.4167,734.3061,18169.1680,97.3061,3368.7502,279.2470,2473.7502,524.2470,2231.2500,734.2470,16950.8340,97.2470,3080.0002,279.4598,2997.5002,524.4598,2566.6667,734.4598,20615.0020,97.4598,3749.5835,279.4044,2828.3335,524.4044,2650.0000,734.4044,18855.0020,97.4044,3515.8335
279.1811,2538.3335,524.1811,2225.0000,734.1811,17910.8340,97.1811,3325.8335,279.1220,2502.5002,524.1220,2285.4167,734.1220,16865.0020,97.1220,3083.3335,279.3348,2958.7502,524.3348,2370.8335,734.3348,20482.5020,97.3348,3728.3335,279.2794,2830.8335,524.2794,2584.3750,734.2794,18875.8340,97.2794,3473.3335
279.0561,2611.2502,524.0561,2205.2085,734.0561,18141.6680,97.0561,3451.2502,278.9970,2511.2502,523.9970,2292.7085,733.9970,16870.0020,96.9970,3135.4167,279.2098,2966.6667,524.2098,2432.2917,734.2098,20530.0020,97.2098,3827.9170,279.1544,2843.3335,524.1544,2611.4585,734.1544,18780.0020,97.1544,3522.9170
278.9311,2632.5002,523.9311,2279.1667,733.9311,18371.6680,96.9311,3414.5835,278.8720,2561.2502,523.8720,2256.2500,733.8720,16730.0020,96.8720,3110.8335,279.0848,2927.0835,524.0848,2536.4585,734.0848,20692.5020,97.0848,3725.4170,279.0294,2800.8335,524.0294,2543.7500,734.0294,19114.1680,97.0294,3532.9170
278.8061,2630.8335,523.8061,2295.8335,733.8061,18329.1680,96.8061,3445.0002,278.7470,2488.7502,523.7470,2271.8750,733.7470,16919.1680,96.7470,3170.0002,278.9598,2876.2502,523.9598,2584.3750,733.9598,20542.5020,96.9598,3802.9170,278.9044,2853.3335,523.9044,2575.0000,733.9044,19197.5020,96.9044,3569.5835
278.6811,2693.7502,523.6811,2297.9167,733.6811,18540.0020,96.6811,3426.6670,278.6220,2498.3335,523.6220,2269.7917,733.6220,16960.8340,96.6220,3226.2502,278.8348,2917.0835,523.8348,2488.5417,733.8348,20749.1680,96.8348,3741.2502,278.7794,2874.1667,523.7794,2642.7085,733.7794,18906.6680,96.7794,3528.3335
278.5561,2570.0002,523.5561,2240.6250,733.5561,18248.3340,96.5561,3563.3335,278.4970,2525.8335,523.4970,2261.4585,733.4970,17006.6680,96.4970,3336.6667,278.7098,2993.3335,523.7098,2495.8335,733.7098,20555.8340,96.7098,3890.0002,278.6544,2817.9167,523.6544,2569.7917,733.6544,18945.8340,96.6544,3513.3335
278.4311,2612.5002,523.4311,2326.0417,733.4311,18325.0020,96.4311,3480.8335,278.3720,2502.9167,523.3720,2246.8750,733.3720,17172.5020,96.3720,3229.1667,278.5848,2936.2502,523.5848,2527.0835,733.5848,21045.0020,96.5848,3884.1670,278.5294,2854.5835,523.5294,2656.2500,733.5294,19083.3340,96.5294,3572.5002
278.3061,2648.7502,523.3061,2273.9585,733.3061,18272.5020,96.3061,3582.9170,278.2470,2468.3335,523.2470,2251.0417,733.2470,16986.6680,96.2470,3242.9167,278.4598,3023.3335,523.4598,2583.3335,733.4598,20700.0020,96.4598,3895.0002,278.4044,2788.3335,523.4044,2589.5835,733.4044,19126.6680,96.4044,3615.4170
278.1811,2585.4167,523.1811,2255.2085,733.1811,18164.1680,96.1811,3576.6670,278.1220,2553.7502,523.1220,2189.5835,733.1220,17165.8340,96.1220,3252.0835,278.3348,3001.2502,523.3348,2433.3335,733.3348,21019.1680,96.3348,3935.4170,278.2794,2764.1667,523.2794,2517.7085,733.2794,19171.6680,96.2794,3707.0835
278.0561,2658.3335,523.0561,2259.3750,733.0561,18215.8340,96.0561,3621.2502,277.9970,2535.4167,522.9970,2161.4585,732.9970,17052.5020,95.9970,3300.0002,278.2098,2990.4167,523.2098,2506.2500,733.2098,20812.5020,96.2098,4031.6670,278.1544,2865.8335,523.1544,2452.0835,733.1544,18897.5020,96.1544,3692.9170
277.9311,2623.3335,522.9311,2266.6667,732.9311,18041.6680,95.9311,3736.6670,277.8720,2535.8335,522.8720,2191.6667,732.8720,17034.1680,95.8720,3330.0002,278.0848,2990.4167,523.0848,2454.1667,733.0848,20737.5020,96.0848,4004.5835,278.0294,2728.7502,523.0294,2597.9167,733.0294,18907.5020,96.0294,3732.0835
277.8061,2675.0002,522.8061,2287.5000,732.8061,18187.5020,95.8061,3654.5835,277.7470,2532.9167,522.7470,2162.5000,732.7470,16930.8340,95.7470,3429.5835,277.9598,2962.5002,522.9598,2533.3335,732.9598,20628.3340,95.9598,4039.1670,277.9044,2740.0002,522.9044,2467.7085,732.9044,18910.8340,95.9044,3730.4170
277.6811,2572.9167,522.6811,2182.2917,732.6811,17990.8340,95.6811,3689.5835,277.6220,2531.2502,522.6220,2120.8335,732.6220,17021.6680,95.6220,3427.0835,277.8348,2979.5835,522.8348,2527.0835,732.8348,20608.3340,95.8348,4045.8335,277.7794,2799.5835,522.7794,2489.5835,732.7794,19086.6680,95.7794,3761.2502
277.5561,2658.7502,522.5561,2378.1250,732.5561,18009.1680,95.5561,3702.9170,277.4970,2557.5002,522.4970,2246.8750,732.4970,16831.6680,95.4970,3482.0835,277.7098,2965.8335,522.7098,2410.4167,732.7098,20564.1680,95.7098,4190.4170,277.6544,2857.5002,522.6544,2454.1667,732.6544,18793.3340,95.6544,3866.2502
277.4311,2655.0002,522.4311,2322.9167,732.4311,18237.5020,95.4311,3859.5835,277.3720,2533.3335,522.3720,2154.1667,732.3720,16698.3340,95.3720,3595.8335,277.5848,2954.1667,522.5848,2518.7500,732.5848,20504.1680,95.5848,4181.2505,277.5294,2814.1667,522.5294,2448.9585,732.5294,19005.8340,95.5294,3893.7502
277.3061,2697.9167,522.3061,2220.8335,732.3061,17778.3340,95.3061,3919.1670,277.2470,2480.0002,522.2470,2281.2500,732.2470,16945.8340,95.2470,3637.9170,277.4598,2922.0835,522.4598,2503.1250,732.4598,20600.8340,95.4598,4262.0835,277.4044,2790.4167,522.4044,2463.5417,732.4044,18805.0020,95.4044,3983.3335
277.1811,2613.7502,522.1811,2187.5000,732.1811,18143.3340,95.1811,3998.7502,277.1220,2535.8335,522.1220,2150.0000,732.1220,16639.1680,95.1220,3726.2502,277.3348,2951.6667,522.3348,2488.5417,732.3348,20391.6680,95.3348,4253.7505,277.2794,2792.5002,522.2794,2417.7085,732.2794,18652.5020,95.2794,3957.9170
277.0561,2654.1667,522.0561,2243.7500,732.0561,17773.3340,95.0561,3970.0002,276.9970,2468.7502,521.9970,2332.2917,731.9970,16689.1680,94.9970,3813.7502,277.2098,2993.3335,522.2098,2444.7917,732.2098,20475.8340,95.2098,4484.5835,277.1544,2767.9167,522.1544,2483.3335,732.1544,18840.8340,95.1544,4203.3335
276.9311,2660.4167,521.9311,2185.4167,731.9311,17883.3340,94.9311,4120.8335,276.8720,2527.9167,521.8720,2156.2500,731.8720,16676.6680,94.8720,3872.9170,277.0848,2971.6667,522.0848,2528.1250,732.0848,20138.3340,95.0848,4469.1670,277.0294,2828.3335,522.0294,2481.2500,732.0294,18671.6680,95.0294,4084.5835
276.8061,2650.8335,521.8061,2297.9167,731.8061,17959.1680,94.8061,4166.6670,276.7470,2467.5002,521.7470,2215.6250,731.7470,16654.1680,94.7470,3869.1670,276.9598,2958.7502,521.9598,2417.7085,731.9598,20425.0020,94.9598,4530.0005,276.9044,2842.0835,521.9044,2566.6667,731.9044,18773.3340,94.9044,4208.7505
276.6811,2636.6667,521.6811,2253.1250,731.6811,17962.5020,94.6811,4240.8335,276.6220,2459.5835,521.6220,2138.5417,731.6220,16763.3340,94.6220,3851.2502,276.8348,2974.5835,521.8348,2653.1250,731.8348,20203.3340,94.8348,4565.0005,276.7794,2834.1667,521.7794,2595.8335,731.7794,18610.0020,94.7794,4331.2505
276.5561,2696.2502,521.5561,2322.9167,731.5561,17594.1680,94.5561,4247.5005,276.4970,2510.4167,521.4970,2128.1250,731.4970,16227.5010,94.4970,3912.5002,276.7098,2987.5002,521.7098,2445.8335,731.7098,20230.0020,94.7098,4675.4170,276.6544,2770.0002,521.6544,2458.3335,731.6544,18558.3340,94.6544,4319.5835
,,,,731.4311,17862.5020,94.4311,4283.7505,,,,,731.3720,16546.6680,94.3720,3896.2502,,,,,731.5848,20250.0020,94.5848,4668.7505,,,,,731.5294,18755.8340,94.5294,4392.9170
,,,,731.3061,17904.1680,94.3061,4287.0835,,,,,731.2470,16474.1680,94.2470,3994.5835,,,,,731.4598,20195.8340,94.4598,4844.5835,,,,,731.4044,18634.1680,94.4044,4412.0835
,,,,731.1811,17884.1680,94.1811,4309.1670,,,,,731.1220,16526.6680,94.1220,3972.0835,,,,,731.3348,20295.8340,94.3348,4756.6670,,,,,731.2794,18680.0020,94.2794,4517.5005
,,,,731.0561,17550.8340,94.0561,4267.0835,,,,,730.9970,16575.0020,93.9970,4023.3335,,,,,731.2098,20267.5020,94.2098,4894.1670,,,,,731.1544,18532.5020,94.1544,4453.7505
,,,,730.9311,17962.5020,93.9311,4170.0005,,,,,730.8720,16556.6680,93.8720,3902.9170,,,,,731.0848,20217.5020,94.0848,4855.0005,,,,,731.0294,18568.3340,94.0294,4527.5005
,,,,730.8061,17796.6680,93.8061,4136.6670,,,,,730.7470,16702.5020,93.7470,3767.5002,,,,,730.9598,20359.1680,93.9598,4916.6670,,,,,730.9044,18756.6680,93.9044,4440.4170
,,,,730.6811,17955.8340,93.6811,4189.1670,,,,,730.6220,16618.3340,93.6220,3822.9170,,,,,730.8348,20140.8340,93.8348,4795.4170,,,,,730.7794,18503.3340,93.7794,4458.3335
,,,,730.5561,17611.6680,93.5561,4090.0002,,,,,730.4970,16483.3340,93.4970,3731.6670,,,,,730.7098,20284.1680,93.7098,4760.0005,,,,,730.6544,18702.5020,93.6544,4381.6670
,,,,730.4311,17851.6680,93.4311,3970.8335,,,,,730.3720,16642.5020,93.3720,3655.0002,,,,,730.5848,20015.0020,93.5848,4671.6670,,,,,730.5294,18847.5020,93.5294,4324.5835
,,,,730.3061,17960.8340,93.3061,3945.8335,,,,,730.2470,16675.8340,93.2470,3518.3335,,,,,730.4598,20457.5020,93.4598,4595.4170,,,,,730.4044,18423.3340,93.4044,4170.0005
,,,,730.1811,18023.3340,93.1811,3782.0835,,,,,730.1220,16678.3340,93.1220,3402.0835,,,,,730.3348,20348.3340,93.3348,4447.0835,,,,,730.2794,18785.0020,93.2794,4169.1670
,,,,730.0561,18225.8340,93.0561,3715.0002,,,,,729.9970,16723.3340,92.9970,3372.0835,,,,,730.2098,20566.6680,93.2098,4300.8335,,,,,730.1544,18775.8340,93.1544,4011.6670
,,,,729.9311,18082.5020,92.9311,3553.3335,,,,,729.8720,16794.1680,92.8720,3236.6667,,,,,730.0848,20471.6680,93.0848,4215.4170,,,,,730.0294,18682.5020,93.0294,3981.2502
,,,,729.8061,18381.6680,92.8061,3474.5835,,,,,729.7470,16847.5020,92.7470,3282.9167,,,,,729.9598,20518.3340,92.9598,4046.6670,,,,,729.9044,18773.3340,92.9044,3845.8335
,,,,729.6811,18247.5020,92.6811,3442.0835,,,,,729.6220,16635.8340,92.6220,3146.6667,,,,,729.8348,20547.5020,92.8348,4082.0835,,,,,729.7794,18913.3340,92.7794,3664.1670
,,,,729.5561,18400.8340,92.5561,3377.5002,,,,,729.4970,16960.0020,92.4970,2985.8335,,,,,729.7098,20794.1680,92.7098,3907.9170,,,,,729.6544,18997.5020,92.6544,3624.5835
,,,,729.4311,18575.0020,92.4311,3205.0002,,,,,729.3720,16964.1680,92.3720,3045.8335,,,,,729.5848,20550.0020,92.5848,3861.2502,,,,,729.5294,19342.5020,92.5294,3511.2502
,,,,729.3061,18861.6680,92.3061,3305.8335,,,,,729.2470,17229.1680,92.2470,2886.6667,,,,,729.4598,21137.5020,92.4598,3745.0002,,,,,729.4044,19200.8340,92.4044,3513.7502
,,,,729.1811,18633.3340,92.1811,3052.9167,,,,,729.1220,17129.1680,92.1220,2874.1667,,,,,729.3348,20788.3340,92.3348,3651.2502,,,,,729.2794,19364.1680,92.2794,3378.3335
,,,,729.0561,18780.0020,92.0561,3194.1667,,,,,728.9970,17391.6680,91.9970,2847.5002,,,,,729.2098,21124.1680,92.2098,3589.5835,,,,,729.1544,19355.8340,92.1544,3306.2502
,,,,728.9311,18900.8340,91.9311,3036.6667,,,,,728.8720,17349.1680,91.8720,2854.1667,,,,,729.0848,21325.8340,92.0848,3534.1670,,,,,729.0294,19633.3340,92.0294,3254.5835
,,,,728.8061,19183.3340,91.8061,3088.7502,,,,,728.7470,17970.8340,91.7470,2785.4167,,,,,728.9598,21478.3340,91.9598,3421.6670,,,,,728.9044,19731.6680,91.9044,3193.7502
,,,,728.6811,19360.0020,91.6811,3030.4167,,,,,728.6220,17702.5020,91.6220,2732.9167,,,,,728.8348,21560.0020,91.8348,3426.6670,,,,,728.7794,19863.3340,91.7794,3215.0002
,,,,728.5561,19644.1680,91.5561,2937.0835,,,,,728.4970,17821.6680,91.4970,2755.0002,,,,,728.7098,21884.1680,91.7098,3342.5002,,,,,728.6544,19705.0020,91.6544,3133.7502
,,,,728.4311,19670.8340,91.4311,2990.4167,,,,,728.3720,18002.5020,91.3720,2671.6667,,,,,728.5848,21759.1680,91.5848,3363.7502,,,,,728.5294,19867.5020,91.5294,3106.2502
,,,,728.3061,19638.3340,91.3061,2988.3335,,,,,728.2470,18245.8340,91.2470,2664.5835,,,,,728.4598,22438.3340,91.4598,3305.0002,,,,,728.4044,20294.1680,91.4044,3057.9167
,,,,728.1811,19724.1680,91.1811,2934.1667,,,,,728.1220,18465.8340,91.1220,2734.1667,,,,,728.3348,22353.3340,91.3348,3317.9167,,,,,728.2794,20474.1680,91.2794,3034.5835
,,,,728.0561,20019.1680,91.0561,2940.8335,,,,,727.9970,18535.8340,90.9970,2708.3335,,,,,728.2098,22380.0020,91.2098,3265.0002,,,,,728.1544,20540.0020,91.1544,3071.6667
,,,,727.9311,20140.0020,90.9311,2947.5002,,,,,727.8720,18791.6680,90.8720,2696.2502,,,,,728.0848,22664.1680,91.0848,3202.5002,,,,,728.0294,20678.3340,91.0294,3079.1667
,,,,727.8061,20555.0020,90.8061,2934.5835,,,,,727.7470,18692.5020,90.7470,2732.9167,,,,,727.9598,22711.6680,90.9598,3255.0002,,,,,727.9044,20770.8340,90.9044,3024.1667
,,,,727.6811,20363.3340,90.6811,2870.4167,,,,,727.6220,18853.3340,90.6220,2719.1667,,,,,727.8348,22939.1680,90.8348,3158.7502,,,,,727.7794,21415.0020,90.7794,3013.3335
,,,,727.5561,20714.1680,90.5561,2900.0002,,,,,727.4970,19357.5020,90.4970,2722.5002,,,,,727.7098,23325.0020,90.7098,3184.5835,,,,,727.6544,21253.3340,90.6544,3003.3335
,,,,727.4311,20990.0020,90.4311,2830.4167,,,,,727.3720,19340.8340,90.3720,2707.9167,,,,,727.5848,23405.0020,90.5848,3180.8335,,,,,727.5294,21457.5020,90.5294,2990.0002
,,,,727.3061,20986.6680,90.3061,2830.0002,,,,,727.2470,19434.1680,90.2470,2759.1667,,,,,727.4598,23686.6680,90.4598,3240.0002,,,,,727.4044,21610.8340,90.4044,2947.9167
,,,,727.1811,21145.8340,90.1811,2861.2502,,,,,727.1220,19594.1680,90.1220,2769.1667,,,,,727.3348,24195.0020,90.3348,3143.3335,,,,,727.2794,21982.5020,90.2794,2953.3335
,,,,727.0561,21303.3340,90.0561,2899.1667,,,,,726.9970,19822.5020,89.9970,2781.2502,,,,,727.2098,24301.6680,90.2098,3211.2502,,,,,727.1544,22019.1680,90.1544,3010.8335
,,,,726.9311,21591.6680,89.9311,2885.8335,,,,,726.8720,19946.6680,89.8720,2807.5002,,,,,727.0848,24559.1680,90.0848,3120.4167,,,,,727.0294,22152.5020,90.0294,2967.9167
,,,,726.8061,21940.0020,89.8061,2845.4167,,,,,726.7470,20267.5020,89.7470,2821.2502,,,,,726.9598,24330.0020,89.9598,3194.5835,,,,,726.9044,22110.8340,89.9044,2955.0002
,,,,726.6811,22098.3340,89.6811,2914.1667,,,,,726.6220,20419.1680,89.6220,2813.7502,,,,,726.8348,24769.1680,89.8348,3162.9167,,,,,726.7794,22539.1680,89.7794,3046.6667
,,,,726.5561,22023.3340,89.5561,2817.9167,,,,,726.4970,20722.5020,89.4970,2801.6667,,,,,726.7098,24905.8340,89.7098,3101.6667,,,,,726.6544,22760.8340,89.6544,2974.5835
,,,,726.4311,22315.8340,89.4311,2772.0835,,,,,726.3720,20690.8340,89.3720,2777.0835,,,,,726.5848,25044.1680,89.5848,3166.2502,,,,,726.5294,22691.6680,89.5294,3042.0835
,,,,726.3061,22499.1680,89.3061,2770.8335,,,,,726.2470,20792.5020,89.2470,2731.2502,,,,,726.4598,25220.0020,89.4598,3160.8335,,,,,726.4044,23183.3340,89.4044,2979.1667
,,,,726.1811,22205.8340,89.1811,2792.5002,,,,,726.1220,21070.8340,89.1220,2733.7502,,,,,726.3348,25402.5020,89.3348,3145.0002,,,,,726.2794,23184.1680,89.2794,2995.4167
,,,,726.0561,22806.6680,89.0561,2783.7502,,,,,725.9970,21002.5020,88.9970,2708.3335,,,,,726.2098,25872.5020,89.2098,3121.6667,,,,,726.1544,23725.0020,89.1544,2960.8335
,,,,725.9311,23029.1680,88.9311,2780.4167,,,,,725.8720,21459.1680,88.8720,2666.6667,,,,,726.0848,26091.6680,89.0848,3163.7502,,,,,726.0294,23639.1680,89.0294,2929.5835
,,,,725.8061,23121.6680,88.8061,2733.3335,,,,,725.7470,21398.3340,88.7470,2770.8335,,,,,725.9598,26118.3340,88.9598,3163.3335,,,,,725.9044,24163.3340,88.9044,3030.8335
,,,,725.6811,23211.6680,88.6811,2782.0835,,,,,725.6220,21700.0020,88.6220,2635.0002,,,,,725.8348,26150.8340,88.8348,3157.0835,,,,,725.7794,23834.1680,88.7794,2971.6667
,,,,725.5561,23411.6680,88.5561,2820.4167,,,,,725.4970,21582.5020,88.4970,2667.9167,,,,,725.7098,26554.1680,88.7098,3104.5835,,,,,725.6544,24186.6680,88.6544,2943.3335
,,,,725.4311,23255.8340,88.4311,2773.3335,,,,,725.3720,21383.3340,88.3720,2602.5002,,,,,725.5848,26436.6680,88.5848,3118.3335,,,,,725.5294,24225.8340,88.5294,2940.0002
,,,,725.3061,23269.1680,88.3061,2748.7502,,,,,725.2470,21801.6680,88.2470,2656.6667,,,,,725.4598,26543.3340,88.4598,3142.9167,,,,,725.4044,24454.1680,88.4044,2972.0835
,,,,725.1811,23426.6680,88.1811,2812.5002,,,,,725.1220,21887.5020,88.1220,2549.5835,,,,,725.3348,26770.0020,88.3348,3078.7502,,,,,725.2794,24401.6680,88.2794,2980.0002
,,,,725.0561,23331.6680,88.0561,2790.0002,,,,,724.9970,21565.0020,87.9970,2630.4167,,,,,725.2098,26768.3340,88.2098,3148.3335,,,,,725.1544,24622.5020,88.1544,2881.2502
,,,,724.9311,23166.6680,87.9311,2826.6667,,,,,724.8720,21568.3340,87.8720,2487.9167,,,,,725.0848,26819.1680,88.0848,3120.8335,,,,,725.0294,24598.3340,88.0294,2930.4167
,,,,724.8061,23316.6680,87.8061,2755.8335,,,,,724.7470,21605.8340,87.7470,2598.3335,,,,,724.9598,26900.0020,87.9598,3045.4167,,,,,724.9044,24390.8340,87.9044,2925.8335
,,,,724.6811,23036.6680,87.6811,2752.0835,,,,,724.6220,21416.6680,87.6220,2564.1667,,,,,724.8348,26838.3340,87.8348,3060.0002,,,,,724.7794,24325.8340,87.7794,2938.7502
,,,,724.5561,22808.3340,87.5561,2795.0002,,,,,724.4970,21026.6680,87.4970,2551.6667,,,,,724.7098,26660.8340,87.7098,3046.6667,,,,,724.6544,24107.5020,87.6544,2972.5002
,,,,724.4311,22641.6680,87.4311,2769.5835,,,,,724.3720,20684.1680,87.3720,2544.1667,,,,,724.5848,26365.0020,87.5848,3063.3335,,,,,724.5294,24154.1680,87.5294,2868.7502
,,,,724.3061,22322.5020,87.3061,2725.4167,,,,,724.2470,20460.0020,87.2470,2579.1667,,,,,724.4598,25998.3340,87.4598,3015.0002,,,,,724.4044,23711.6680,87.4044,2909.1667
,,,,724.1811,21802.5020,87.1811,2765.4167,,,,,724.1220,20101.6680,87.1220,2597.5002,,,,,724.3348,25602.5020,87.3348,3125.0002,,,,,724.2794,23770.8340,87.2794,2863.3335
,,,,724.0561,21372.5020,87.0561,2725.8335,,,,,723.9970,20065.8340,86.9970,2550.4167,,,,,724.2098,25246.6680,87.2098,3034.5835,,,,,724.1544,23267.5020,87.1544,2886.2502
,,,,723.9311,21017.5020,86.9311,2714.1667,,,,,723.8720,19380.0020,86.8720,2478.7502,,,,,724.0848,25216.6680,87.0848,3021.2502,,,,,724.0294,22907.5020,87.0294,2855.4167
,,,,723.8061,20725.8340,86.8061,2780.4167,,,,,723.7470,18914.1680,86.7470,2618.7502,,,,,723.9598,24420.8340,86.9598,3058.3335,,,,,723.9044,22516.6680,86.9044,2864.1667
,,,,723.6811,20428.3340,86.6811,2768.3335,,,,,723.6220,18770.8340,86.6220,2510.4167,,,,,723.8348,24102.5020,86.8348,3033.7502,,,,,723.7794,22048.3340,86.7794,2872.5002
,,,,723.5561,19812.5020,86.5561,2758.3335,,,,,723.4970,18234.1680,86.4970,2530.4167,,,,,723.7098,23690.8340,86.7098,3048.7502,,,,,723.6544,21670.0020,86.6544,2826.2502
,,,,723.4311,19585.8340,86.4311,2739.5835,,,,,723.3720,17827.5020,86.3720,2530.0002,,,,,723.5848,23076.6680,86.5848,3054.5835,,,,,723.5294,21170.0020,86.5294,2807.0835
,,,,723.3061,18780.8340,86.3061,2804.5835,,,,,723.2470,17452.5020,86.2470,2520.0002,,,,,723.4598,22429.1680,86.4598,3045.4167,,,,,723.4044,20615.8340,86.4044,2870.0002
,,,,723.1811,18749.1680,86.1811,2803.7502,,,,,723.1220,16977.5020,86.1220,2499.1667,,,,,723.3348,22053.3340,86.3348,3042.9167,,,,,723.2794,20434.1680,86.2794,2799.1667
,,,,723.0561,18315.0020,86.0561,2767.0835,,,,,722.9970,16609.1680,85.9970,2507.9167,,,,,723.2098,21378.3340,86.2098,3002.5002,,,,,723.1544,19855.0020,86.1544,2845.4167
,,,,722.9311,17647.5020,85.9311,2771.2502,,,,,722.8720,16431.6680,85.8720,2620.8335,,,,,723.0848,20892.5020,86.0848,3038.3335,,,,,723.0294,19236.6680,86.0294,2835.4167
,,,,722.8061,17348.3340,85.8061,2742.0835,,,,,722.7470,16093.3340,85.7470,2551.2502,,,,,722.9598,20442.5020,85.9598,3109.5835,,,,,722.9044,18688.3340,85.9044,2871.2502
,,,,722.6811,17044.1680,85.6811,2784.1667,,,,,722.6220,15843.3340,85.6220,2549.1667,,,,,722.8348,20080.8340,85.8348,3073.7502,,,,,722.7794,18438.3340,85.7794,2845.4167
,,,,722.5561,16994.1680,85.5561,2703.7502,,,,,722.4970,15891.6680,85.4970,2510.8335,,,,,722.7098,19917.5020,85.7098,3004.5835,,,,,722.6544,18240.0020,85.6544,2852.5002
,,,,722.4311,17127.5020,85.4311,2776.2502,,,,,722.3720,15772.5010,85.3720,2523.3335,,,,,722.5848,19175.0020,85.5848,3170.4167,,,,,722.5294,18085.8340,85.5294,2930.0002
,,,,722.3061,16618.3340,85.3061,2680.4167,,,,,722.2470,15771.6680,85.2470,2502.5002,,,,,722.4598,19501.6680,85.4598,3045.4167,,,,,722.4044,18075.8340,85.4044,2882.0835
,,,,722.1811,16775.8340,85.1811,2774.5835,,,,,722.1220,15709.1680,85.1220,2544.5835,,,,,722.3348,19250.0020,85.3348,3153.3335,,,,,722.2794,17860.8340,85.2794,2880.0002
,,,,722.0561,16770.8340,85.0561,2732.5002,,,,,721.9970,15574.1680,84.9970,2552.9167,,,,,722.2098,19241.6680,85.2098,3027.9167,,,,,722.1544,17554.1680,85.1544,2893.3335
,,,,721.9311,16860.0020,84.9311,2775.0002,,,,,721.8720,15507.5010,84.8720,2544.1667,,,,,722.0848,19033.3340,85.0848,3107.0835,,,,,722.0294,17407.5020,85.0294,2897.0835
,,,,721.8061,16928.3340,84.8061,2755.0002,,,,,721.7470,15591.6680,84.7470,2534.1667,,,,,721.9598,19161.6680,84.9598,3041.6667,,,,,721.9044,17487.5020,84.9044,2882.0835
,,,,721.6811,16631.6680,84.6811,2761.2502,,,,,721.6220,15545.8340,84.6220,2546.6667,,,,,721.8348,19010.0020,84.8348,3070.0002,,,,,721.7794,17575.0020,84.7794,2875.4167
,,,,721.5561,16840.0020,84.5561,2773.7502,,,,,721.4970,15434.1680,84.4970,2595.4167,,,,,721.7098,18977.5020,84.7098,3009.5835,,,,,721.6544,17684.1680,84.6544,2915.4167
,,,,721.4311,16720.8340,,,,,,,721.3720,15353.3340,,,,,,,721.5848,18939.1680,,,,,,,721.5294,17559.1680,,
,,,,721.3061,16946.6680,,,,,,,721.2470,15495.8340,,,,,,,721.4598,19100.0020,,,,,,,721.4044,17505.0020,,
,,,,721.1811,16803.3340,,,,,,,721.1220,15779.1680,,,,,,,721.3348,19119.1680,,,,,,,721.2794,17592.5020,,
,,,,721.0561,16941.6680,,,,,,,720.9970,15597.5010,,,,,,,721.2098,18988.3340,,,,,,,721.1544,17690.8340,,
,,,,720.9311,16990.0020,,,,,,,720.8720,15652.5010,,,,,,,721.0848,19338.3340,,,,,,,721.0294,17580.0020,,
,,,,720.8061,17078.3340,,,,,,,720.7470,15536.6680,,,,,,,720.9598,19343.3340,,,,,,,720.9044,17728.3340,,
,,,,720.6811,16800.0020,,,,,,,720.6220,15586.6680,,,,,,,720.8348,19125.8340,,,,,,,720.7794,17638.3340,,
,,,,720.5561,17078.3340,,,,,,,720.4970,15749.1680,,,,,,,720.7098,19368.3340,,,,,,,720.6544,17798.3340,,
,,,,720.4311,16772.5020,,,,,,,720.3720,15476.6680,,,,,,,720.5848,19457.5020,,,,,,,720.5294,17703.3340,,
,,,,720.3061,16980.8340,,,,,,,720.2470,15798.3340,,,,,,,720.4598,19396.6680,,,,,,,720.4044,17889.1680,,
,,,,720.1811,17053.3340,,,,,,,720.1220,15532.5010,,,,,,,720.3348,19493.3340,,,,,,,720.2794,17817.5020,,
,,,,720.0561,17128.3340,,,,,,,719.9970,15799.1680,,,,,,,720.2098,19345.0020,,,,,,,720.1544,17811.6680,,
,,,,719.9311,16992.5020,,,,,,,719.8720,15744.1680,,,,,,,720.0848,19398.3340,,,,,,,720.0294,17705.8340,,
,,,,719.8061,17060.8340,,,,,,,719.7470,15941.6680,,,,,,,719.9598,19516.6680,,,,,,,719.9044,17638.3340,,
,,,,719.6811,16952.5020,,,,,,,719.6220,15724.1680,,,,,,,719.8348,19365.0020,,,,,,,719.7794,17851.6680,,
,,,,719.5561,16789.1680,,,,,,,719.4970,15587.5010,,,,,,,719.7098,19335.0020,,,,,,,719.6544,18122.5020,,
,,,,719.4311,16995.8340,,,,,,,719.3720,15330.8340,,,,,,,719.5848,19552.5020,,,,,,,719.5294,17874.1680,,
,,,,719.3061,16795.0020,,,,,,,719.2470,15659.1680,,,,,,,719.4598,19453.3340,,,,,,,719.4044,17819.1680,,
,,,,719.1811,16758.3340,,,,,,,719.1220,15510.8340,,,,,,,719.3348,19248.3340,,,,,,,719.2794,17720.8340,,
,,,,719.0561,16819.1680,,,,,,,718.9970,15433.3340,,,,,,,719.2098,19391.6680,,,,,,,719.1544,17784.1680,,
,,,,718.9311,16785.8340,,,,,,,718.8720,15543.3340,,,,,,,719.0848,19317.5020,,,,,,,719.0294,17524.1680,,
,,,,718.8061,16510.0020,,,,,,,718.7470,15510.8340,,,,,,,718.9598,19028.3340,,,,,,,718.9044,17400.8340,,
,,,,718.6811,16570.8340,,,,,,,718.6220,15399.1680,,,,,,,718.8348,19328.3340,,,,,,,718.7794,17469.1680,,
,,,,718.5561,16156.6680,,,,,,,718.4970,15198.3340,,,,,,,718.7098,19004.1680,,,,,,,718.6544,17148.3340,,
,,,,718.4311,16294.1680,,,,,,,718.3720,15065.8340,,,,,,,718.5848,18914.1680,,,,,,,718.5294,17180.0020,,
,,,,718.3061,16105.8340,,,,,,,718.2470,14920.8340,,,,,,,718.4598,18825.8340,,,,,,,718.4044,17038.3340,,
,,,,718.1811,16160.8340,,,,,,,718.1220,14821.6680,,,,,,,718.3348,18525.0020,,,,,,,718.2794,17178.3340,,
,,,,718.0561,15952.5010,,,,,,,717.9970,14895.8340,,,,,,,718.2098,18937.5020,,,,,,,718.1544,17105.0020,,
,,,,717.9311,16050.8340,,,,,,,717.8720,14645.8340,,,,,,,718.0848,18337.5020,,,,,,,718.0294,16890.8340,,
,,,,717.8061,15774.1680,,,,,,,717.7470,14697.5010,,,,,,,717.9598,18257.5020,,,,,,,717.9044,16714.1680,,
,,,,717.6811,15957.5010,,,,,,,717.6220,14649.1680,,,,,,,717.8348,18299.1680,,,,,,,717.7794,16640.8340,,
,,,,717.5561,15745.8340,,,,,,,717.4970,14577.5010,,,,,,,717.7098,18465.0020,,,,,,,717.6544,16587.5020,,
,,,,717.4311,15415.0010,,,,,,,717.3720,14420.8340,,,,,,,717.5848,17943.3340,,,,,,,717.5294,16152.5010,,
,,,,717.3061,15489.1680,,,,,,,717.2470,14180.8340,,,,,,,717.4598,17953.3340,,,,,,,717.4044,16196.6680,,
,,,,717.1811,15371.6680,,,,,,,717.1220,14232.5010,,,,,,,717.3348,17826.6680,,,,,,,717.2794,16318.3340,,
,,,,717.0561,15478.3340,,,,,,,716.9970,14144.1680,,,,,,,717.2098,17814.1680,,,,,,,717.1544,16258.3340,,
,,,,716.9311,15396.6680,,,,,,,716.8720,14223.3340,,,,,,,717.0848,17457.5020,,,,,,,717.0294,16451.6680,,
,,,,716.8061,15627.5010,,,,,,,716.7470,14241.6680,,,,,,,716.9598,17810.8340,,,,,,,716.9044,16119.1680,,
,,,,716.6811,15490.0010,,,,,,,716.6220,14252.5010,,,,,,,716.8348,17495.8340,,,,,,,716.7794,16430.8340,,
,,,,716.5561,15800.8340,,,,,,,716.4970,14441.6680,,,,,,,716.7098,17645.0020,,,,,,,716.6544,16149.1680,,
,,,,716.4311,15654.1680,,,,,,,716.3720,14369.1680,,,,,,,716.5848,17646.6680,,,,,,,716.5294,16224.1680,,
,,,,716.3061,15637.5010,,,,,,,716.2470,14326.6680,,,,,,,716.4598,17585.0020,,,,,,,716.4044,16022.5010,,
,,,,716.1811,15765.8340,,,,,,,716.1220,14478.3340,,,,,,,716.3348,17853.3340,,,,,,,716.2794,16445.0020,,
,,,,716.0561,15975.0010,,,,,,,715.9970,14538.3340,,,,,,,716.2098,17790.0020,,,,,,,716.1544,16446.6680,,
,,,,715.9311,15842.5010,,,,,,,715.8720,14705.8340,,,,,,,716.0848,17670.8340,,,,,,,716.0294,16460.8340,,
,,,,715.8061,16015.0010,,,,,,,715.7470,14594.1680,,,,,,,715.9598,17922.5020,,,,,,,715.9044,16450.0020,,
,,,,715.6811,16094.1680,,,,,,,715.6220,14909.1680,,,,,,,715.8348,18152.5020,,,,,,,715.7794,16635.8340,,
,,,,715.5561,16486.6680,,,,,,,715.4970,15056.6680,,,,,,,715.7098,18163.3340,,,,,,,715.6544,16626.6680,,
,,,,715.4311,16495.0020,,,,,,,715.3720,15052.5010,,,,,,,715.5848,18674.1680,,,,,,,715.5294,16964.1680,,
,,,,715.3061,16710.0020,,,,,,,715.2470,15475.0010,,,,,,,715.4598,18404.1680,,,,,,,715.4044,17092.5020,,
,,,,715.1811,16872.5020,,,,,,,715.1220,15385.0010,,,,,,,715.3348,18869.1680,,,,,,,715.2794,17166.6680,,
,,,,715.0561,17165.0020,,,,,,,714.9970,15727.5010,,,,,,,715.2098,19137.5020,,,,,,,715.1544,17466.6680,,
,,,,714.9311,17331.6680,,,,,,,714.8720,15828.3340,,,,,,,715.0848,19382.5020,,,,,,,715.0294,17546.6680,,
,,,,714.8061,17563.3340,,,,,,,714.7470,16263.3340,,,,,,,714.9598,19396.6680,,,,,,,714.9044,18058.3340,,
,,,,714.6811,17940.8340,,,,,,,714.6220,16334.1680,,,,,,,714.8348,19962.5020,,,,,,,714.7794,18153.3340,,
,,,,714.5561,18360.8340,,,,,,,714.4970,16802.5020,,,,,,,714.7098,19937.5020,,,,,,,714.6544,18461.6680,,
,,,,714.4311,18409.1680,,,,,,,714.3720,17130.8340,,,,,,,714.5848,20634.1680,,,,,,,714.5294,18652.5020,,
,,,,714.3061,18784.1680,,,,,,,714.2470,17023.3340,,,,,,,714.4598,20689.1680,,,,,,,714.4044,18920.0020,,
,,,,714.1811,19122.5020,,,,,,,714.1220,17617.5020,,,,,,,714.3348,21088.3340,,,,,,,714.2794,19205.8340,,
,,,,714.0561,19271.6680,,,,,,,713.9970,17576.6680,,,,,,,714.2098,21380.8340,,,,,,,714.1544,19435.8340,,
,,,,713.9311,19470.0020,,,,,,,713.8720,18065.0020,,,,,,,714.0848,21447.5020,,,,,,,714.0294,19870.8340,,
,,,,713.8061,19803.3340,,,,,,,713.7470,18145.0020,,,,,,,713.9598,22077.5020,,,,,,,713.9044,19991.6680,,
,,,,713.6811,20099.1680,,,,,,,713.6220,18924.1680,,,,,,,713.8348,22396.6680,,,,,,,713.7794,20291.6680,,
,,,,713.5561,20413.3340,,,,,,,713.4970,18760.0020,,,,,,,713.7098,22821.6680,,,,,,,713.6544,20735.0020,,
,,,,713.4311,20716.6680,,,,,,,713.3720,19232.5020,,,,,,,713.5848,23124.1680,,,,,,,713.5294,21153.3340,,
,,,,713.3061,21065.8340,,,,,,,713.2470,19480.0020,,,,,,,713.4598,23205.8340,,,,,,,713.4044,21390.8340,,
,,,,713.1811,21403.3340,,,,,,,713.1220,19904.1680,,,,,,,713.3348,23801.6680,,,,,,,713.2794,21660.0020,,
,,,,713.0561,21650.8340,,,,,,,712.9970,20041.6680,,,,,,,713.2098,24083.3340,,,,,,,713.1544,21931.6680,,
,,,,712.9311,22285.0020,,,,,,,712.8720,20441.6680,,,,,,,713.0848,24630.8340,,,,,,,713.0294,22183.3340,,
,,,,712.8061,22538.3340,,,,,,,712.7470,20895.0020,,,,,,,712.9598,24829.1680,,,,,,,712.9044,22988.3340,,
,,,,712.6811,23148.3340,,,,,,,712.6220,21170.0020,,,,,,,712.8348,25330.0020,,,,,,,712.7794,23415.0020,,
,,,,712.5561,23482.5020,,,,,,,712.4970,21783.3340,,,,,,,712.7098,26060.0020,,,,,,,712.6544,23625.8340,,
,,,,712.4311,23837.5020,,,,,,,712.3720,22100.8340,,,,,,,712.5848,26473.3340,,,,,,,712.5294,23929.1680,,
,,,,712.3061,24052.5020,,,,,,,712.2470,22387.5020,,,,,,,712.4598,27113.3340,,,,,,,712.4044,24550.8340,,
,,,,712.1811,24269.1680,,,,,,,712.1220,22768.3340,,,,,,,712.3348,27504.1680,,,,,,,712.2794,25096.6680,,
,,,,712.0561,24770.0020,,,,,,,711.9970,22901.6680,,,,,,,712.2098,27529.1680,,,,,,,712.1544,25089.1680,,
,,,,711.9311,24805.8340,,,,,,,711.8720,23320.0020,,,,,,,712.0848,28180.8359,,,,,,,712.0294,25388.3340,,
,,,,711.8061,25270.0020,,,,,,,711.7470,23545.0020,,,,,,,711.9598,28426.6680,,,,,,,711.9044,25899.1680,,
,,,,711.6811,25300.0020,,,,,,,711.6220,23254.1680,,,,,,,711.8348,28702.5020,,,,,,,711.7794,26301.6680,,
,,,,711.5561,25491.6680,,,,,,,711.4970,23906.6680,,,,,,,711.7098,29054.1680,,,,,,,711.6544,26658.3340,,
,,,,711.4311,25428.3340,,,,,,,711.3720,23674.1680,,,,,,,711.5848,29256.6680,,,,,,,711.5294,26813.3340,,
,,,,711.3061,25333.3340,,,,,,,711.2470,23346.6680,,,,,,,711.4598,29213.3359,,,,,,,711.4044,27074.1680,,
,,,,711.1811,24987.5020,,,,,,,711.1220,23294.1680,,,,,,,711.3348,29370.0020,,,,,,,711.2794,26925.8340,,
,,,,711.0561,24639.1680,,,,,,,710.9970,22719.1680,,,,,,,711.2098,29125.0020,,,,,,,711.1544,26860.0020,,
,,,,710.9311,24025.8340,,,,,,,710.8720,22365.0020,,,,,,,711.0848,28660.8359,,,,,,,711.0294,26555.8340,,
,,,,710.8061,23519.1680,,,,,,,710.7470,21707.5020,,,,,,,710.9598,28245.8359,,,,,,,710.9044,25816.6680,,
,,,,710.6811,22828.3340,,,,,,,710.6220,20849.1680,,,,,,,710.8348,27765.0020,,,,,,,710.7794,25843.3340,,
,,,,710.5561,21579.1680,,,,,,,710.4970,20032.5020,,,,,,,710.7098,26951.6680,,,,,,,710.6544,24887.5020,,
,,,,710.4311,20806.6680,,,,,,,710.3720,18640.0020,,,,,,,710.5848,26215.8340,,,,,,,710.5294,24041.6680,,
,,,,710.3061,19435.0020,,,,,,,710.2470,17728.3340,,,,,,,710.4598,24910.8340,,,,,,,710.4044,23058.3340,,
,,,,710.1811,18090.8340,,,,,,,710.1220,15970.0010,,,,,,,710.3348,23647.5020,,,,,,,710.2794,21670.0020,,
,,,,710.0561,16119.1680,,,,,,,709.9970,14494.1680,,,,,,,710.2098,21651.6680,,,,,,,710.1544,19990.0020,,
,,,,709.9311,14805.0010,,,,,,,709.8720,13053.3340,,,,,,,710.0848,19983.3340,,,,,,,710.0294,18416.6680,,
,,,,709.8061,13065.8340,,,,,,,709.7470,11570.0010,,,,,,,709.9598,17851.6680,,,,,,,709.9044,16425.8340,,
,,,,709.6811,12082.5010,,,,,,,709.6220,10351.6670,,,,,,,709.8348,15906.6680,,,,,,,709.7794,14715.8340,,
,,,,709.5561,10741.6670,,,,,,,709.4970,9119.1670,,,,,,,709.7098,14138.3340,,,,,,,709.6544,13109.1670,,
,,,,709.4311,9845.8340,,,,,,,709.3720,8645.8340,,,,,,,709.5848,12480.8340,,,,,,,709.5294,11780.0010,,
,,,,709.3061,9020.0010,,,,,,,709.2470,7998.3340,,,,,,,709.4598,11319.1670,,,,,,,709.4044,10769.1670,,
,,,,709.1811,8550.0010,,,,,,,709.1220,7547.5005,,,,,,,709.3348,10551.6670,,,,,,,709.2794,9814.1670,,
,,,,709.0561,7956.6670,,,,,,,708.9970,7235.0005,,,,,,,709.2098,9683.3340,,,,,,,709.1544,9130.8340,,
,,,,708.9311,7777.5005,,,,,,,708.8720,7044.1670,,,,,,,709.0848,9190.0010,,,,,,,709.0294,8505.0010,,
,,,,708.8061,7369.1670,,,,,,,708.7470,6672.5005,,,,,,,708.9598,8850.8340,,,,,,,708.9044,8195.8340,,
,,,,708.6811,7235.8340,,,,,,,708.6220,6369.1670,,,,,,,708.8348,8512.5010,,,,,,,708.7794,7860.8340,,
,,,,708.5561,6800.0005,,,,,,,708.4970,6240.0005,,,,,,,708.7098,8255.0010,,,,,,,708.6544,7640.0005,,
,,,,708.4311,6869.1670,,,,,,,708.3720,6114.1670,,,,,,,708.5848,7850.0005,,,,,,,708.5294,7410.8340,,
,,,,708.3061,6664.1670,,,,,,,708.2470,6142.5005,,,,,,,708.4598,7715.0005,,,,,,,708.4044,7175.0005,,
,,,,708.1811,6624.1670,,,,,,,708.1220,5937.5005,,,,,,,708.3348,7640.0005,,,,,,,708.2794,7046.6670,,
,,,,708.0561,6282.5005,,,,,,,707.9970,5917.5005,,,,,,,708.2098,7413.3340,,,,,,,708.1544,6892.5005,,
,,,,707.9311,6236.6670,,,,,,,707.8720,5805.8335,,,,,,,708.0848,7254.1670,,,,,,,708.0294,6873.3340,,
,,,,707.8061,6309.1670,,,,,,,707.7470,5823.3335,,,,,,,707.9598,7123.3340,,,,,,,707.9044,6787.5005,,
,,,,707.6811,6117.5005,,,,,,,707.6220,5670.0005,,,,,,,707.8348,7005.0005,,,,,,,707.7794,6612.5005,,
,,,,707.5561,6080.0005,,,,,,,707.4970,5575.8335,,,,,,,707.7098,7112.5005,,,,,,,707.6544,6369.1670,,
,,,,707.4311,5984.1670,,,,,,,707.3720,5543.3335,,,,,,,707.5848,6866.6670,,,,,,,707.5294,6428.3335,,
,,,,707.3061,5923.3335,,,,,,,707.2470,5480.0005,,,,,,,707.4598,6859.1670,,,,,,,707.4044,6327.5005,,
,,,,707.1811,6067.5005,,,,,,,707.1220,5572.5005,,,,,,,707.3348,6719.1670,,,,,,,707.2794,6354.1670,,
,,,,707.0561,6022.5005,,,,,,,706.9970,5406.6670,,,,,,,707.2098,6760.0005,,,,,,,707.1544,6464.1670,,
,,,,706.9311,5938.3335,,,,,,,706.8720,5575.0005,,,,,,,707.0848,6713.3335,,,,,,,707.0294,6265.0005,,
,,,,706.8061,5879.1670,,,,,,,706.7470,5602.5005,,,,,,,706.9598,6639.1670,,,,,,,706.9044,6319.1670,,
,,,,706.6811,5848.3335,,,,,,,706.6220,5470.0005,,,,,,,706.8348,6617.5005,,,,,,,706.7794,6149.1670,,
,,,,706.5561,5901.6670,,,,,,,706.4970,5368.3335,,,,,,,706.7098,6678.3335,,,,,,,706.6544,6210.0005,,
,,,,706.4311,5707.5005,,,,,,,706.3720,5540.0005,,,,,,,706.5848,6677.5005,,,,,,,706.5294,6261.6670,,
,,,,706.3061,5932.5005,,,,,,,706.2470,5325.0005,,,,,,,706.4598,6720.0005,,,,,,,706.4044,6215.8335,,
,,,,706.1811,5686.6670,,,,,,,706.1220,5455.8335,,,,,,,706.3348,6600.0005,,,,,,,706.2794,6062.5005,,
,,,,706.0561,5788.3335,,,,,,,705.9970,5408.3335,,,,,,,706.2098,6555.0005,,,,,,,706.1544,6174.1670,,
,,,,705.9311,5718.3335,,,,,,,705.8720,5397.5005,,,,,,,706.0848,6478.3335,,,,,,,706.0294,6150.8335,,
,,,,705.8061,5796.6670,,,,,,,705.7470,5377.5005,,,,,,,705.9598,6647.5005,,,,,,,705.9044,5987.5005,,
,,,,705.6811,5585.0005,,,,,,,705.6220,5479.1670,,,,,,,705.8348,6525.0005,,,,,,,705.7794,6065.8335,,
,,,,705.5561,5735.0005,,,,,,,705.4970,5268.3335,,,,,,,705.7098,6388.3335,,,,,,,705.6544,5901.6670,,
,,,,705.4311,5932.5005,,,,,,,705.3720,5412.5005,,,,,,,705.5848,6513.3335,,,,,,,705.5294,6045.0005,,
,,,,705.3061,5726.6670,,,,,,,705.2470,5346.6670,,,,,,,705.4598,6389.1670,,,,,,,705.4044,6116.6670,,
,,,,705.1811,5774.1670,,,,,,,705.1220,5478.3335,,,,,,,705.3348,6445.8335,,,,,,,705.2794,6275.8335,,
,,,,705.0561,5745.0005,,,,,,,704.9970,5350.8335,,,,,,,705.2098,6494.1670,,,,,,,705.1544,6093.3335,,
,,,,704.9311,5843.3335,,,,,,,704.8720,5380.8335,,,,,,,705.0848,6560.0005,,,,,,,705.0294,6049.1670,,
,,,,704.8061,5621.6670,,,,,,,704.7470,5352.5005,,,,,,,704.9598,6471.6670,,,,,,,704.9044,6035.0005,,
,,,,704.6811,5791.6670,,,,,,,704.6220,5373.3335,,,,,,,704.8348,6484.1670,,,,,,,704.7794,5995.8335,,
,,,,704.5561,5657.5005,,,,,,,704.4970,5428.3335,,,,,,,704.7098,6428.3335,,,,,,,704.6544,6130.8335,,
,,,,704.4311,5797.5005,,,,,,,704.3720,5294.1670,,,,,,,704.5848,6581.6670,,,,,,,704.5294,6020.0005,,
,,,,704.3061,5561.6670,,,,,,,704.2470,5355.0005,,,,,,,704.4598,6559.1670,,,,,,,704.4044,6067.5005,,
,,,,704.1811,5730.0005,,,,,,,704.1220,5255.0005,,,,,,,704.3348,6499.1670,,,,,,,704.2794,6094.1670,,
,,,,704.0561,5691.6670,,,,,,,703.9970,5353.3335,,,,,,,704.2098,6439.1670,,,,,,,704.1544,6021.6670,,
,,,,703.9311,5605.8335,,,,,,,703.8720,5355.8335,,,,,,,704.0848,6607.5005,,,,,,,704.0294,6024.1670,,
,,,,703.8061,5702.5005,,,,,,,703.7470,5367.5005,,,,,,,703.9598,6507.5005,,,,,,,703.9044,6084.1670,,
,,,,703.6811,5701.6670,,,,,,,703.6220,5259.1670,,,,,,,703.8348,6510.0005,,,,,,,703.7794,6040.8335,,
,,,,703.5561,5678.3335,,,,,,,703.4970,5472.5005,,,,,,,703.7098,6466.6670,,,,,,,703.6544,6009.1670,,
,,,,703.4311,5592.5005,,,,,,,703.3720,5408.3335,,,,,,,703.5848,6431.6670,,,,,,,703.5294,6093.3335,,
,,,,703.3061,5655.0005,,,,,,,703.2470,5355.0005,,,,,,,703.4598,6416.6670,,,,,,,703.4044,6090.0005,,
,,,,703.1811,5755.0005,,,,,,,703.1220,5341.6670,,,,,,,703.3348,6492.5005,,,,,,,703.2794,6032.5005,,
,,,,703.0561,5721.6670,,,,,,,702.9970,5326.6670,,,,,,,703.2098,6523.3335,,,,,,,703.1544,6057.5005,,
,,,,702.9311,5788.3335,,,,,,,702.8720,5252.5005,,,,,,,703.0848,6540.8335,,,,,,,703.0294,6020.8335,,
,,,,702.8061,5640.8335,,,,,,,702.7470,5215.0005,,,,,,,702.9598,6338.3335,,,,,,,702.9044,6041.6670,,
,,,,702.6811,5706.6670,,,,,,,702.6220,5241.6670,,,,,,,702.8348,6531.6670,,,,,,,702.7794,6040.8335,,
,,,,702.5561,5761.6670,,,,,,,702.4970,5275.8335,,,,,,,702.7098,6420.8335,,,,,,,702.6544,6191.6670,,
,,,,702.4311,5729.1670,,,,,,,702.3720,5358.3335,,,,,,,702.5848,6426.6670,,,,,,,702.5294,6019.1670,,
,,,,702.3061,5695.0005,,,,,,,702.2470,5505.0005,,,,,,,702.4598,6468.3335,,,,,,,702.4044,6020.8335,,
,,,,702.1811,5730.0005,,,,,,,702.1220,5351.6670,,,,,,,702.3348,6605.0005,,,,,,,702.2794,6133.3335,,
,,,,702.0561,5741.6670,,,,,,,701.9970,5419.1670,,,,,,,702.2098,6489.1670,,,,,,,702.1544,6069.1670,,
,,,,701.9311,5590.8335,,,,,,,701.8720,5418.3335,,,,,,,702.0848,6544.1670,,,,,,,702.0294,6225.0005,,
,,,,701.8061,5767.5005,,,,,,,701.7470,5321.6670,,,,,,,701.9598,6476.6670,,,,,,,701.9044,6096.6670,,
,,,,701.6811,5692.5005,,,,,,,701.6220,5336.6670,,,,,,,701.8348,6401.6670,,,,,,,701.7794,6070.8335,,
,,,,701.5561,5558.3335,,,,,,,701.4970,5305.0005,,,,,,,701.7098,6384.1670,,,,,,,701.6544,5861.6670,,
